{
    "airplane": {
        "TP": 25294.0,
        "FP": 342212.0,
        "FN": 1093.0,
        "AP": 88.68021962757571,
        "Recall": 95.85780876946981,
        "Precision": 6.882608719313427
    },
    "bear": {
        "TP": 5161.0,
        "FP": 84949.0,
        "FN": 4619.0,
        "AP": 29.36794904116274,
        "Recall": 52.77096114519427,
        "Precision": 5.727444234824104
    },
    "bicycle": {
        "TP": 8359.0,
        "FP": 87308.0,
        "FN": 495.0,
        "AP": 85.98880943210115,
        "Recall": 94.40930652812288,
        "Precision": 8.737600217420844
    },
    "bird": {
        "TP": 7120.0,
        "FP": 532995.0,
        "FN": 2742.0,
        "AP": 41.29206868504641,
        "Recall": 72.19630906509835,
        "Precision": 1.3182377826944263
    },
    "bus": {
        "TP": 6040.0,
        "FP": 129088.0,
        "FN": 273.0,
        "AP": 76.67650129696524,
        "Recall": 95.67559005227308,
        "Precision": 4.469836007341187
    },
    "car": {
        "TP": 24373.0,
        "FP": 1127984.0,
        "FN": 2317.0,
        "AP": 57.72214044414184,
        "Recall": 91.31884600974148,
        "Precision": 2.1150563584028212
    },
    "cattle": {
        "TP": 0,
        "FP": 0,
        "FN": 416,
        "AP": 0.0,
        "Recall": 0,
        "Precision": 0
    },
    "dog": {
        "TP": 12933.0,
        "FP": 154933.0,
        "FN": 7304.0,
        "AP": 35.53769076612227,
        "Recall": 63.90769382813658,
        "Precision": 7.7043594295449935
    },
    "domestic_cat": {
        "TP": 5996.0,
        "FP": 110810.0,
        "FN": 5633.0,
        "AP": 28.643004908377513,
        "Recall": 51.56075328919082,
        "Precision": 5.133297947023269
    },
    "elephant": {
        "TP": 9754.0,
        "FP": 112301.0,
        "FN": 2180.0,
        "AP": 68.21773187620315,
        "Recall": 81.73286408580526,
        "Precision": 7.991479251157266
    },
    "fox": {
        "TP": 0,
        "FP": 0,
        "FN": 3631,
        "AP": 0.0,
        "Recall": 0,
        "Precision": 0
    },
    "horse": {
        "TP": 6533.0,
        "FP": 151713.0,
        "FN": 1406.0,
        "AP": 68.27743281423034,
        "Recall": 82.28996095226098,
        "Precision": 4.128382391971993
    },
    "monkey": {
        "TP": 0,
        "FP": 0,
        "FN": 180,
        "AP": 0.0,
        "Recall": 0,
        "Precision": 0
    },
    "motorcycle": {
        "TP": 1030.0,
        "FP": 28512.0,
        "FN": 109.0,
        "AP": 76.11331960442521,
        "Recall": 90.43020193151887,
        "Precision": 3.4865615056529684
    },
    "sheep": {
        "TP": 2698.0,
        "FP": 86807.0,
        "FN": 1707.0,
        "AP": 43.67232000676209,
        "Recall": 61.24858115777525,
        "Precision": 3.014356739846936
    },
    "squirrel": {
        "TP": 0,
        "FP": 0,
        "FN": 3025,
        "AP": 0.0,
        "Recall": 0,
        "Precision": 0
    },
    "train": {
        "TP": 11170.0,
        "FP": 376046.0,
        "FN": 1925.0,
        "AP": 66.47163209296167,
        "Recall": 85.29973272241314,
        "Precision": 2.884694847320359
    },
    "turtle": {
        "TP": 0,
        "FP": 0,
        "FN": 102,
        "AP": 0.0,
        "Recall": 0,
        "Precision": 0
    },
    "zebra": {
        "TP": 6403.0,
        "FP": 107344.0,
        "FN": 507.0,
        "AP": 88.37869430769264,
        "Recall": 92.66280752532562,
        "Precision": 5.62915945035913
    },
    "mAP": 45.00207973177725
}