{
    "airplane": {
        "TP": 24808.0,
        "FP": 464149.0,
        "FN": 1579.0,
        "AP": 74.24970563575928,
        "Recall": 94.0159927236897,
        "Precision": 5.073656783725358
    },
    "bear": {
        "TP": 5807.0,
        "FP": 103024.0,
        "FN": 3973.0,
        "AP": 33.41812839858492,
        "Recall": 59.376278118609406,
        "Precision": 5.3357958669864285
    },
    "bicycle": {
        "TP": 8464.0,
        "FP": 96460.0,
        "FN": 390.0,
        "AP": 81.88957614772328,
        "Recall": 95.59521120397561,
        "Precision": 8.066791201250428
    },
    "bird": {
        "TP": 6256.0,
        "FP": 619887.0,
        "FN": 3606.0,
        "AP": 32.84028928922153,
        "Recall": 63.43540863922126,
        "Precision": 0.9991327859610344
    },
    "bus": {
        "TP": 5946.0,
        "FP": 125731.0,
        "FN": 367.0,
        "AP": 69.65217325251999,
        "Recall": 94.1865990812609,
        "Precision": 4.515594978621931
    },
    "car": {
        "TP": 24039.0,
        "FP": 1142670.0,
        "FN": 2651.0,
        "AP": 53.81352014837838,
        "Recall": 90.06744098913451,
        "Precision": 2.060410950802642
    },
    "cattle": {
        "TP": 0,
        "FP": 0,
        "FN": 416,
        "AP": 0.0,
        "Recall": 0,
        "Precision": 0
    },
    "dog": {
        "TP": 14132.0,
        "FP": 159077.0,
        "FN": 6105.0,
        "AP": 34.98180702748518,
        "Recall": 69.83248505213223,
        "Precision": 8.158929385886415
    },
    "domestic_cat": {
        "TP": 6476.0,
        "FP": 80332.0,
        "FN": 5153.0,
        "AP": 28.179605697468613,
        "Recall": 55.6883652936624,
        "Precision": 7.460141922403466
    },
    "elephant": {
        "TP": 9275.0,
        "FP": 121608.0,
        "FN": 2659.0,
        "AP": 54.15694299160999,
        "Recall": 77.7191218367689,
        "Precision": 7.086481819640442
    },
    "fox": {
        "TP": 0,
        "FP": 0,
        "FN": 3631,
        "AP": 0.0,
        "Recall": 0,
        "Precision": 0
    },
    "horse": {
        "TP": 6322.0,
        "FP": 189586.0,
        "FN": 1617.0,
        "AP": 62.60101519983936,
        "Recall": 79.63219549061594,
        "Precision": 3.227024930069216
    },
    "monkey": {
        "TP": 0,
        "FP": 0,
        "FN": 180,
        "AP": 0.0,
        "Recall": 0,
        "Precision": 0
    },
    "motorcycle": {
        "TP": 1019.0,
        "FP": 26586.0,
        "FN": 120.0,
        "AP": 71.27011668548585,
        "Recall": 89.46444249341528,
        "Precision": 3.691360260822315
    },
    "sheep": {
        "TP": 2888.0,
        "FP": 155573.0,
        "FN": 1517.0,
        "AP": 43.53932685867465,
        "Recall": 65.56186152099886,
        "Precision": 1.8225304649093468
    },
    "squirrel": {
        "TP": 0,
        "FP": 0,
        "FN": 3025,
        "AP": 0.0,
        "Recall": 0,
        "Precision": 0
    },
    "train": {
        "TP": 11695.0,
        "FP": 456127.0,
        "FN": 1400.0,
        "AP": 72.81948979843928,
        "Recall": 89.30889652539136,
        "Precision": 2.4998824339171737
    },
    "turtle": {
        "TP": 0,
        "FP": 0,
        "FN": 102,
        "AP": 0.0,
        "Recall": 0,
        "Precision": 0
    },
    "zebra": {
        "TP": 6361.0,
        "FP": 175041.0,
        "FN": 549.0,
        "AP": 82.172353094601,
        "Recall": 92.05499276410998,
        "Precision": 3.5065765537314912
    },
    "mAP": 41.87284474872586
}