{
    "airplane": {
        "TP": 24342.0,
        "FP": 832520.0,
        "FN": 2045.0,
        "AP": 86.77058925220321,
        "Recall": 92.24997157691287,
        "Precision": 2.840830845573733
    },
    "bear": {
        "TP": 7988.0,
        "FP": 564969.0,
        "FN": 1792.0,
        "AP": 65.53344137992899,
        "Recall": 81.67689161554192,
        "Precision": 1.3941709412748253
    },
    "bicycle": {
        "TP": 7931.0,
        "FP": 76647.0,
        "FN": 923.0,
        "AP": 72.16831806408601,
        "Recall": 89.57533318274227,
        "Precision": 9.377142992267492
    },
    "bird": {
        "TP": 6362.0,
        "FP": 805070.0,
        "FN": 3500.0,
        "AP": 47.74728483436608,
        "Recall": 64.51024133035895,
        "Precision": 0.7840459829042976
    },
    "bus": {
        "TP": 5118.0,
        "FP": 59937.0,
        "FN": 1195.0,
        "AP": 59.91236205812543,
        "Recall": 81.07080627277047,
        "Precision": 7.867189301360387
    },
    "car": {
        "TP": 24752.0,
        "FP": 751345.0,
        "FN": 1938.0,
        "AP": 59.281984786202,
        "Recall": 92.73885350318471,
        "Precision": 3.189292060141967
    },
    "cattle": {
        "TP": 0,
        "FP": 0,
        "FN": 416,
        "AP": 0.0,
        "Recall": 0,
        "Precision": 0
    },
    "dog": {
        "TP": 13584.0,
        "FP": 443079.0,
        "FN": 6653.0,
        "AP": 42.75007169793425,
        "Recall": 67.12457380046449,
        "Precision": 2.974622423975667
    },
    "domestic_cat": {
        "TP": 9395.0,
        "FP": 465429.0,
        "FN": 2234.0,
        "AP": 58.102880235362974,
        "Recall": 80.78940579585519,
        "Precision": 1.9786278705372937
    },
    "elephant": {
        "TP": 10149.0,
        "FP": 390253.0,
        "FN": 1785.0,
        "AP": 74.17676323102772,
        "Recall": 85.04273504273505,
        "Precision": 2.5347026238630175
    },
    "fox": {
        "TP": 0,
        "FP": 0,
        "FN": 3631,
        "AP": 0.0,
        "Recall": 0,
        "Precision": 0
    },
    "horse": {
        "TP": 6164.0,
        "FP": 250316.0,
        "FN": 1775.0,
        "AP": 61.80880380693876,
        "Recall": 77.64202040559265,
        "Precision": 2.4033063006862134
    },
    "monkey": {
        "TP": 0,
        "FP": 0,
        "FN": 180,
        "AP": 0.0,
        "Recall": 0,
        "Precision": 0
    },
    "motorcycle": {
        "TP": 752.0,
        "FP": 19450.0,
        "FN": 387.0,
        "AP": 58.717350629235945,
        "Recall": 66.02282704126426,
        "Precision": 3.722403722403722
    },
    "sheep": {
        "TP": 3153.0,
        "FP": 146672.0,
        "FN": 1252.0,
        "AP": 54.3845885078394,
        "Recall": 71.57775255391601,
        "Precision": 2.104455197730686
    },
    "squirrel": {
        "TP": 0,
        "FP": 0,
        "FN": 3025,
        "AP": 0.0,
        "Recall": 0,
        "Precision": 0
    },
    "train": {
        "TP": 12121.0,
        "FP": 499570.0,
        "FN": 974.0,
        "AP": 85.45546403928542,
        "Recall": 92.56204658266513,
        "Precision": 2.368812427812879
    },
    "turtle": {
        "TP": 0,
        "FP": 0,
        "FN": 102,
        "AP": 0.0,
        "Recall": 0,
        "Precision": 0
    },
    "zebra": {
        "TP": 6294.0,
        "FP": 261468.0,
        "FN": 616.0,
        "AP": 83.9704484942613,
        "Recall": 91.08538350217077,
        "Precision": 2.3505949313196046
    },
    "mAP": 47.9358079482525
}