{
    "airplane": {
        "TP": 25801.0,
        "FP": 280942.0,
        "FN": 586.0,
        "AP": 92.59025313008468,
        "Recall": 97.7792094592034,
        "Precision": 8.411275888936341
    },
    "bear": {
        "TP": 9623.0,
        "FP": 138003.0,
        "FN": 157.0,
        "AP": 83.52553643668178,
        "Recall": 98.39468302658486,
        "Precision": 6.518499451316163
    },
    "bicycle": {
        "TP": 8286.0,
        "FP": 155098.0,
        "FN": 568.0,
        "AP": 82.13228665450946,
        "Recall": 93.58482042014909,
        "Precision": 5.071488028203496
    },
    "bird": {
        "TP": 8641.0,
        "FP": 256382.0,
        "FN": 1221.0,
        "AP": 75.99718680633629,
        "Recall": 87.61914418981951,
        "Precision": 3.260471732642073
    },
    "bus": {
        "TP": 6204.0,
        "FP": 90801.0,
        "FN": 109.0,
        "AP": 81.2936190306853,
        "Recall": 98.273404086805,
        "Precision": 6.39554662130818
    },
    "car": {
        "TP": 24618.0,
        "FP": 590123.0,
        "FN": 2072.0,
        "AP": 69.9135522103273,
        "Recall": 92.23679280629449,
        "Precision": 4.004613324961244
    },
    "cattle": {
        "TP": 416.0,
        "FP": 81181.0,
        "FN": 0.0,
        "AP": 2.0522110883344697,
        "Recall": 100.0,
        "Precision": 0.5098226650489601
    },
    "dog": {
        "TP": 19706.0,
        "FP": 335926.0,
        "FN": 531.0,
        "AP": 73.99357084596687,
        "Recall": 97.37609329446065,
        "Precision": 5.541121158950825
    },
    "domestic_cat": {
        "TP": 11608.0,
        "FP": 140767.0,
        "FN": 21.0,
        "AP": 88.24449427180808,
        "Recall": 99.81941697480437,
        "Precision": 7.618047579983593
    },
    "elephant": {
        "TP": 11384.0,
        "FP": 97763.0,
        "FN": 550.0,
        "AP": 84.44325114687572,
        "Recall": 95.39131892073068,
        "Precision": 10.42997059012158
    },
    "fox": {
        "TP": 3622.0,
        "FP": 124759.0,
        "FN": 9.0,
        "AP": 98.81869631943324,
        "Recall": 99.7521343982374,
        "Precision": 2.8212897547144826
    },
    "horse": {
        "TP": 7164.0,
        "FP": 120497.0,
        "FN": 775.0,
        "AP": 78.39572221207797,
        "Recall": 90.23806524751228,
        "Precision": 5.611737335599752
    },
    "monkey": {
        "TP": 180.0,
        "FP": 117692.0,
        "FN": 0.0,
        "AP": 5.167833369039183,
        "Recall": 100.0,
        "Precision": 0.15270802226143612
    },
    "motorcycle": {
        "TP": 1104.0,
        "FP": 103022.0,
        "FN": 35.0,
        "AP": 82.2955978250072,
        "Recall": 96.92712906057946,
        "Precision": 1.0602539231315906
    },
    "sheep": {
        "TP": 4353.0,
        "FP": 100945.0,
        "FN": 52.0,
        "AP": 69.91180265607524,
        "Recall": 98.81952326901249,
        "Precision": 4.133981652073164
    },
    "squirrel": {
        "TP": 2282.0,
        "FP": 126067.0,
        "FN": 743.0,
        "AP": 39.69772557877624,
        "Recall": 75.43801652892562,
        "Precision": 1.7779647679374206
    },
    "train": {
        "TP": 12807.0,
        "FP": 214858.0,
        "FN": 288.0,
        "AP": 90.59468109446829,
        "Recall": 97.80068728522336,
        "Precision": 5.625370610326576
    },
    "turtle": {
        "TP": 102.0,
        "FP": 47097.0,
        "FN": 0.0,
        "AP": 18.542494721972194,
        "Recall": 100.0,
        "Precision": 0.21610627343799657
    },
    "zebra": {
        "TP": 6654.0,
        "FP": 57175.0,
        "FN": 256.0,
        "AP": 91.33058256781324,
        "Recall": 96.29522431259045,
        "Precision": 10.424728571652384
    },
    "mAP": 68.89163673506698
}