{
    "airplane": {
        "TP": 25732.0,
        "FP": 171107.0,
        "FN": 655.0,
        "AP": 92.62275396053981,
        "Recall": 97.51771705764202,
        "Precision": 13.072612642819767
    },
    "bear": {
        "TP": 9224.0,
        "FP": 124867.0,
        "FN": 556.0,
        "AP": 62.73675832934394,
        "Recall": 94.31492842535786,
        "Precision": 6.878910590569092
    },
    "bicycle": {
        "TP": 8296.0,
        "FP": 110616.0,
        "FN": 558.0,
        "AP": 78.20990157897948,
        "Recall": 93.69776372261126,
        "Precision": 6.976587728740581
    },
    "bird": {
        "TP": 7350.0,
        "FP": 302921.0,
        "FN": 2512.0,
        "AP": 48.353301788867384,
        "Recall": 74.5284932062462,
        "Precision": 2.3688968675770536
    },
    "bus": {
        "TP": 5911.0,
        "FP": 60203.0,
        "FN": 402.0,
        "AP": 70.58811846383318,
        "Recall": 93.63218754950104,
        "Precision": 8.940617720906314
    },
    "car": {
        "TP": 25060.0,
        "FP": 527114.0,
        "FN": 1630.0,
        "AP": 64.56276813619804,
        "Recall": 93.8928437617085,
        "Precision": 4.538424482137877
    },
    "cattle": {
        "TP": 0,
        "FP": 0,
        "FN": 416,
        "AP": 0.0,
        "Recall": 0,
        "Precision": 0
    },
    "dog": {
        "TP": 18462.0,
        "FP": 192226.0,
        "FN": 1775.0,
        "AP": 53.21536564881146,
        "Recall": 91.22893709541928,
        "Precision": 8.762720230862698
    },
    "domestic_cat": {
        "TP": 11174.0,
        "FP": 154780.0,
        "FN": 455.0,
        "AP": 67.2453122323514,
        "Recall": 96.08736778742798,
        "Precision": 6.733191125251575
    },
    "elephant": {
        "TP": 10858.0,
        "FP": 172826.0,
        "FN": 1076.0,
        "AP": 76.88517679300178,
        "Recall": 90.98374392492039,
        "Precision": 5.911238866749417
    },
    "fox": {
        "TP": 0,
        "FP": 0,
        "FN": 3631,
        "AP": 0.0,
        "Recall": 0,
        "Precision": 0
    },
    "horse": {
        "TP": 6904.0,
        "FP": 136828.0,
        "FN": 1035.0,
        "AP": 63.56673021105029,
        "Recall": 86.96309358861318,
        "Precision": 4.803384075919072
    },
    "monkey": {
        "TP": 0,
        "FP": 0,
        "FN": 180,
        "AP": 0.0,
        "Recall": 0,
        "Precision": 0
    },
    "motorcycle": {
        "TP": 1028.0,
        "FP": 32976.0,
        "FN": 111.0,
        "AP": 72.06267317126945,
        "Recall": 90.25460930640912,
        "Precision": 3.0231737442653803
    },
    "sheep": {
        "TP": 3917.0,
        "FP": 100212.0,
        "FN": 488.0,
        "AP": 50.66677902287088,
        "Recall": 88.9216799091941,
        "Precision": 3.7616802235688427
    },
    "squirrel": {
        "TP": 0,
        "FP": 0,
        "FN": 3025,
        "AP": 0.0,
        "Recall": 0,
        "Precision": 0
    },
    "train": {
        "TP": 12224.0,
        "FP": 282766.0,
        "FN": 871.0,
        "AP": 81.82711100925076,
        "Recall": 93.34860633829706,
        "Precision": 4.143869283704532
    },
    "turtle": {
        "TP": 0,
        "FP": 0,
        "FN": 102,
        "AP": 0.0,
        "Recall": 0,
        "Precision": 0
    },
    "zebra": {
        "TP": 6482.0,
        "FP": 44613.0,
        "FN": 428.0,
        "AP": 88.13908156940299,
        "Recall": 93.80607814761215,
        "Precision": 12.68617281534397
    },
    "mAP": 51.08851746925109
}