{
    "airplane": {
        "TP": 26036.0,
        "FP": 187384.0,
        "FN": 351.0,
        "AP": 95.49955532960877,
        "Recall": 98.66979952249214,
        "Precision": 12.199418986036923
    },
    "bear": {
        "TP": 9678.0,
        "FP": 109725.0,
        "FN": 102.0,
        "AP": 88.17542958453544,
        "Recall": 98.95705521472392,
        "Precision": 8.105323986834502
    },
    "bicycle": {
        "TP": 8478.0,
        "FP": 146551.0,
        "FN": 376.0,
        "AP": 86.22530155248378,
        "Recall": 95.75333182742264,
        "Precision": 5.46865425178515
    },
    "bird": {
        "TP": 8411.0,
        "FP": 200975.0,
        "FN": 1451.0,
        "AP": 76.68022357336042,
        "Recall": 85.28696004867167,
        "Precision": 4.016982988356432
    },
    "bus": {
        "TP": 6225.0,
        "FP": 73399.0,
        "FN": 88.0,
        "AP": 84.6612694127399,
        "Recall": 98.60605100586092,
        "Precision": 7.81799457450015
    },
    "car": {
        "TP": 24714.0,
        "FP": 380276.0,
        "FN": 1976.0,
        "AP": 74.12258679176054,
        "Recall": 92.59647808167854,
        "Precision": 6.102372898096249
    },
    "cattle": {
        "TP": 403.0,
        "FP": 66557.0,
        "FN": 13.0,
        "AP": 4.151606194229595,
        "Recall": 96.875,
        "Precision": 0.6018518518518519
    },
    "dog": {
        "TP": 19858.0,
        "FP": 216748.0,
        "FN": 379.0,
        "AP": 81.69131925165645,
        "Recall": 98.12719276572615,
        "Precision": 8.39285563341589
    },
    "domestic_cat": {
        "TP": 11625.0,
        "FP": 114941.0,
        "FN": 4.0,
        "AP": 93.625894317304,
        "Recall": 99.96560323329608,
        "Precision": 9.184931182150024
    },
    "elephant": {
        "TP": 11318.0,
        "FP": 77159.0,
        "FN": 616.0,
        "AP": 84.06281891648753,
        "Recall": 94.83827719121837,
        "Precision": 12.792025046057168
    },
    "fox": {
        "TP": 3629.0,
        "FP": 78541.0,
        "FN": 2.0,
        "AP": 99.13227349747977,
        "Recall": 99.94491875516387,
        "Precision": 4.4164536935621275
    },
    "horse": {
        "TP": 7129.0,
        "FP": 96940.0,
        "FN": 810.0,
        "AP": 78.87876013117537,
        "Recall": 89.7972036780451,
        "Precision": 6.850262806407287
    },
    "monkey": {
        "TP": 180.0,
        "FP": 109605.0,
        "FN": 0.0,
        "AP": 2.8008446650448517,
        "Recall": 100.0,
        "Precision": 0.16395682470282824
    },
    "motorcycle": {
        "TP": 1091.0,
        "FP": 88107.0,
        "FN": 48.0,
        "AP": 84.70844962887858,
        "Recall": 95.78577699736611,
        "Precision": 1.2231215946545886
    },
    "sheep": {
        "TP": 4334.0,
        "FP": 84974.0,
        "FN": 71.0,
        "AP": 72.3855949654358,
        "Recall": 98.38819523269012,
        "Precision": 4.852868723966497
    },
    "squirrel": {
        "TP": 2400.0,
        "FP": 92951.0,
        "FN": 625.0,
        "AP": 45.43663896458929,
        "Recall": 79.33884297520662,
        "Precision": 2.5170160774401946
    },
    "train": {
        "TP": 12785.0,
        "FP": 204632.0,
        "FN": 310.0,
        "AP": 91.50684642587767,
        "Recall": 97.63268423062237,
        "Precision": 5.880404936136548
    },
    "turtle": {
        "TP": 102.0,
        "FP": 41381.0,
        "FN": 0.0,
        "AP": 53.97940139619557,
        "Recall": 100.0,
        "Precision": 0.24588385603741292
    },
    "zebra": {
        "TP": 6758.0,
        "FP": 60840.0,
        "FN": 152.0,
        "AP": 93.89396956678705,
        "Recall": 97.80028943560058,
        "Precision": 9.997337199325424
    },
    "mAP": 73.24309390345422
}