{
    "airplane": {
        "TP": 22454.0,
        "FP": 33049.0,
        "FN": 3933.0,
        "AP": 79.08219635171514,
        "Recall": 85.09493311100162,
        "Precision": 40.45547087544817
    },
    "bear": {
        "TP": 7943.0,
        "FP": 20645.0,
        "FN": 1837.0,
        "AP": 56.13921268355028,
        "Recall": 81.21676891615543,
        "Precision": 27.784385056667134
    },
    "bicycle": {
        "TP": 7283.0,
        "FP": 18967.0,
        "FN": 1571.0,
        "AP": 68.21594760383066,
        "Recall": 82.25660718319403,
        "Precision": 27.744761904761905
    },
    "bird": {
        "TP": 5917.0,
        "FP": 44779.0,
        "FN": 3945.0,
        "AP": 42.27543273476229,
        "Recall": 59.9979720137903,
        "Precision": 11.671532270790594
    },
    "bus": {
        "TP": 5457.0,
        "FP": 19275.0,
        "FN": 856.0,
        "AP": 62.34647371203278,
        "Recall": 86.4406779661017,
        "Precision": 22.064531780688988
    },
    "car": {
        "TP": 23060.0,
        "FP": 137833.0,
        "FN": 3630.0,
        "AP": 52.56476314105226,
        "Recall": 86.39940052454102,
        "Precision": 14.332506696997383
    },
    "cattle": {
        "TP": 0,
        "FP": 0,
        "FN": 416,
        "AP": 0.0,
        "Recall": 0,
        "Precision": 0
    },
    "dog": {
        "TP": 14036.0,
        "FP": 49928.0,
        "FN": 6201.0,
        "AP": 38.97648209864531,
        "Recall": 69.35810643870138,
        "Precision": 21.943593271215057
    },
    "domestic_cat": {
        "TP": 9171.0,
        "FP": 35006.0,
        "FN": 2458.0,
        "AP": 55.421918199372776,
        "Recall": 78.86318686043512,
        "Precision": 20.759671322181227
    },
    "elephant": {
        "TP": 9709.0,
        "FP": 18676.0,
        "FN": 2225.0,
        "AP": 71.08071747514809,
        "Recall": 81.35579017931958,
        "Precision": 34.20468557336622
    },
    "fox": {
        "TP": 0,
        "FP": 0,
        "FN": 3631,
        "AP": 0.0,
        "Recall": 0,
        "Precision": 0
    },
    "horse": {
        "TP": 6190.0,
        "FP": 26620.0,
        "FN": 1749.0,
        "AP": 59.46796282403317,
        "Recall": 77.96951757148256,
        "Precision": 18.86619932947272
    },
    "monkey": {
        "TP": 0,
        "FP": 0,
        "FN": 180,
        "AP": 0.0,
        "Recall": 0,
        "Precision": 0
    },
    "motorcycle": {
        "TP": 890.0,
        "FP": 6162.0,
        "FN": 249.0,
        "AP": 64.3362136259455,
        "Recall": 78.1387181738367,
        "Precision": 12.620533182076008
    },
    "sheep": {
        "TP": 3095.0,
        "FP": 22403.0,
        "FN": 1310.0,
        "AP": 51.31917902486924,
        "Recall": 70.26106696935301,
        "Precision": 12.138206918189661
    },
    "squirrel": {
        "TP": 0,
        "FP": 0,
        "FN": 3025,
        "AP": 0.0,
        "Recall": 0,
        "Precision": 0
    },
    "train": {
        "TP": 11828.0,
        "FP": 64291.0,
        "FN": 1267.0,
        "AP": 76.77678616841833,
        "Recall": 90.32455135547919,
        "Precision": 15.538827362419369
    },
    "turtle": {
        "TP": 0,
        "FP": 0,
        "FN": 102,
        "AP": 0.0,
        "Recall": 0,
        "Precision": 0
    },
    "zebra": {
        "TP": 6219.0,
        "FP": 4432.0,
        "FN": 691.0,
        "AP": 88.52891021472085,
        "Recall": 90.0,
        "Precision": 58.388883672894565
    },
    "mAP": 45.606957676741935
}