{
    "airplane": {
        "TP": 24734.0,
        "FP": 147341.0,
        "FN": 1653.0,
        "AP": 83.29147896285596,
        "Recall": 93.7355515973775,
        "Precision": 14.373964840912393
    },
    "bear": {
        "TP": 9104.0,
        "FP": 86597.0,
        "FN": 676.0,
        "AP": 66.20271993939465,
        "Recall": 93.0879345603272,
        "Precision": 9.512962246998464
    },
    "bicycle": {
        "TP": 7807.0,
        "FP": 83729.0,
        "FN": 1047.0,
        "AP": 69.88020686948181,
        "Recall": 88.17483623221143,
        "Precision": 8.52888481034784
    },
    "bird": {
        "TP": 7610.0,
        "FP": 560203.0,
        "FN": 2252.0,
        "AP": 45.63546134685527,
        "Recall": 77.1648752788481,
        "Precision": 1.340229970078177
    },
    "bus": {
        "TP": 5937.0,
        "FP": 70633.0,
        "FN": 376.0,
        "AP": 75.79194313884882,
        "Recall": 94.04403611595122,
        "Precision": 7.753689434504375
    },
    "car": {
        "TP": 24444.0,
        "FP": 559338.0,
        "FN": 2246.0,
        "AP": 58.46905631473363,
        "Recall": 91.58486324466092,
        "Precision": 4.187179460826131
    },
    "cattle": {
        "TP": 0,
        "FP": 0,
        "FN": 416,
        "AP": 0.0,
        "Recall": 0,
        "Precision": 0
    },
    "dog": {
        "TP": 18586.0,
        "FP": 173816.0,
        "FN": 1651.0,
        "AP": 52.613754520156775,
        "Recall": 91.84167613776746,
        "Precision": 9.659982744462116
    },
    "domestic_cat": {
        "TP": 11318.0,
        "FP": 168859.0,
        "FN": 311.0,
        "AP": 70.03871002022078,
        "Recall": 97.32565138876946,
        "Precision": 6.28160087025536
    },
    "elephant": {
        "TP": 11526.0,
        "FP": 146700.0,
        "FN": 408.0,
        "AP": 77.61075958919139,
        "Recall": 96.58119658119658,
        "Precision": 7.284517083159531
    },
    "fox": {
        "TP": 0,
        "FP": 0,
        "FN": 3631,
        "AP": 0.0,
        "Recall": 0,
        "Precision": 0
    },
    "horse": {
        "TP": 6286.0,
        "FP": 145487.0,
        "FN": 1653.0,
        "AP": 59.74803398297214,
        "Recall": 79.17873787630684,
        "Precision": 4.14171163513932
    },
    "monkey": {
        "TP": 0,
        "FP": 0,
        "FN": 180,
        "AP": 0.0,
        "Recall": 0,
        "Precision": 0
    },
    "motorcycle": {
        "TP": 995.0,
        "FP": 40417.0,
        "FN": 144.0,
        "AP": 64.29048427882478,
        "Recall": 87.35733099209834,
        "Precision": 2.402685212015841
    },
    "sheep": {
        "TP": 3961.0,
        "FP": 221060.0,
        "FN": 444.0,
        "AP": 55.18378747552825,
        "Recall": 89.9205448354143,
        "Precision": 1.7602801516302922
    },
    "squirrel": {
        "TP": 0,
        "FP": 0,
        "FN": 3025,
        "AP": 0.0,
        "Recall": 0,
        "Precision": 0
    },
    "train": {
        "TP": 12337.0,
        "FP": 212497.0,
        "FN": 758.0,
        "AP": 84.74244501898005,
        "Recall": 94.21153111874762,
        "Precision": 5.48715941539091
    },
    "turtle": {
        "TP": 0,
        "FP": 0,
        "FN": 102,
        "AP": 0.0,
        "Recall": 0,
        "Precision": 0
    },
    "zebra": {
        "TP": 6535.0,
        "FP": 45675.0,
        "FN": 375.0,
        "AP": 89.6351071266538,
        "Recall": 94.57308248914616,
        "Precision": 12.51675924152461
    },
    "mAP": 50.16494466235253
}