{
    "airplane": {
        "TP": 25825.0,
        "FP": 127372.0,
        "FN": 562.0,
        "AP": 94.96135933449366,
        "Recall": 97.87016333800736,
        "Precision": 16.857379713701963
    },
    "bear": {
        "TP": 9608.0,
        "FP": 95186.0,
        "FN": 172.0,
        "AP": 83.99471854887697,
        "Recall": 98.24130879345603,
        "Precision": 9.16846384334981
    },
    "bicycle": {
        "TP": 8290.0,
        "FP": 128479.0,
        "FN": 564.0,
        "AP": 83.32138224111931,
        "Recall": 93.62999774113395,
        "Precision": 6.06131506408616
    },
    "bird": {
        "TP": 8566.0,
        "FP": 211370.0,
        "FN": 1296.0,
        "AP": 76.16220947061953,
        "Recall": 86.85864936118435,
        "Precision": 3.8947693874581697
    },
    "bus": {
        "TP": 6166.0,
        "FP": 84357.0,
        "FN": 147.0,
        "AP": 84.53944175294674,
        "Recall": 97.67147156660857,
        "Precision": 6.811528561801973
    },
    "car": {
        "TP": 24546.0,
        "FP": 415333.0,
        "FN": 2144.0,
        "AP": 71.51162870950233,
        "Recall": 91.96702884975646,
        "Precision": 5.580170910636788
    },
    "cattle": {
        "TP": 416.0,
        "FP": 75650.0,
        "FN": 0.0,
        "AP": 4.278266401436326,
        "Recall": 100.0,
        "Precision": 0.5468934872347698
    },
    "dog": {
        "TP": 19537.0,
        "FP": 209393.0,
        "FN": 700.0,
        "AP": 75.69756287601282,
        "Recall": 96.54098927706676,
        "Precision": 8.534049709518193
    },
    "domestic_cat": {
        "TP": 11616.0,
        "FP": 115095.0,
        "FN": 13.0,
        "AP": 89.1830213083206,
        "Recall": 99.88821050821223,
        "Precision": 9.167317754575373
    },
    "elephant": {
        "TP": 11344.0,
        "FP": 91212.0,
        "FN": 590.0,
        "AP": 83.22182918463801,
        "Recall": 95.05614211496565,
        "Precision": 11.06127384063341
    },
    "fox": {
        "TP": 3628.0,
        "FP": 81285.0,
        "FN": 3.0,
        "AP": 99.0682256316403,
        "Recall": 99.91737813274581,
        "Precision": 4.272608434515327
    },
    "horse": {
        "TP": 7158.0,
        "FP": 95750.0,
        "FN": 781.0,
        "AP": 78.20080236024172,
        "Recall": 90.16248897846076,
        "Precision": 6.955727445873984
    },
    "monkey": {
        "TP": 179.0,
        "FP": 96561.0,
        "FN": 1.0,
        "AP": 0.36122141466801383,
        "Recall": 99.44444444444444,
        "Precision": 0.18503204465577838
    },
    "motorcycle": {
        "TP": 1104.0,
        "FP": 71366.0,
        "FN": 35.0,
        "AP": 84.65260431560854,
        "Recall": 96.92712906057946,
        "Precision": 1.523388988546985
    },
    "sheep": {
        "TP": 4303.0,
        "FP": 84507.0,
        "FN": 102.0,
        "AP": 67.81790251455989,
        "Recall": 97.6844494892168,
        "Precision": 4.845175092894944
    },
    "squirrel": {
        "TP": 2287.0,
        "FP": 85637.0,
        "FN": 738.0,
        "AP": 40.86562611532463,
        "Recall": 75.60330578512396,
        "Precision": 2.601110049588281
    },
    "train": {
        "TP": 12940.0,
        "FP": 236599.0,
        "FN": 155.0,
        "AP": 90.53885683178454,
        "Recall": 98.81634211531119,
        "Precision": 5.185562176653749
    },
    "turtle": {
        "TP": 101.0,
        "FP": 46625.0,
        "FN": 1.0,
        "AP": 29.45979301686209,
        "Recall": 99.01960784313727,
        "Precision": 0.21615374737833326
    },
    "zebra": {
        "TP": 6726.0,
        "FP": 62125.0,
        "FN": 184.0,
        "AP": 93.48309542019622,
        "Recall": 97.33719247467438,
        "Precision": 9.768921293808368
    },
    "mAP": 70.06944986572906
}