{
    "airplane": {
        "TP": 25850.0,
        "FP": 122931.0,
        "FN": 537.0,
        "AP": 94.9315735527487,
        "Recall": 97.96490696176147,
        "Precision": 17.374530349977483
    },
    "bear": {
        "TP": 9725.0,
        "FP": 98291.0,
        "FN": 55.0,
        "AP": 92.13982202730074,
        "Recall": 99.43762781186093,
        "Precision": 9.00329580802844
    },
    "bicycle": {
        "TP": 8471.0,
        "FP": 92292.0,
        "FN": 383.0,
        "AP": 86.98020129007162,
        "Recall": 95.67427151569912,
        "Precision": 8.406855691077082
    },
    "bird": {
        "TP": 8933.0,
        "FP": 170644.0,
        "FN": 929.0,
        "AP": 79.6521602805297,
        "Recall": 90.58000405597242,
        "Precision": 4.974467777053855
    },
    "bus": {
        "TP": 6203.0,
        "FP": 63533.0,
        "FN": 110.0,
        "AP": 88.23997959224434,
        "Recall": 98.25756375732615,
        "Precision": 8.894975335551223
    },
    "car": {
        "TP": 24793.0,
        "FP": 375406.0,
        "FN": 1897.0,
        "AP": 73.19983602648676,
        "Recall": 92.89246908954665,
        "Precision": 6.195167903967777
    },
    "cattle": {
        "TP": 414.0,
        "FP": 30672.0,
        "FN": 2.0,
        "AP": 7.871047570897217,
        "Recall": 99.51923076923077,
        "Precision": 1.3317892298784018
    },
    "dog": {
        "TP": 19516.0,
        "FP": 214644.0,
        "FN": 721.0,
        "AP": 85.85363890157282,
        "Recall": 96.43721895537875,
        "Precision": 8.334472155790912
    },
    "domestic_cat": {
        "TP": 11613.0,
        "FP": 102207.0,
        "FN": 16.0,
        "AP": 94.67962148256606,
        "Recall": 99.86241293318429,
        "Precision": 10.202952029520295
    },
    "elephant": {
        "TP": 11734.0,
        "FP": 84321.0,
        "FN": 200.0,
        "AP": 90.14072628821265,
        "Recall": 98.32411597117479,
        "Precision": 12.21591796366665
    },
    "fox": {
        "TP": 3625.0,
        "FP": 55717.0,
        "FN": 6.0,
        "AP": 99.60681835717402,
        "Recall": 99.83475626549159,
        "Precision": 6.108658285868356
    },
    "horse": {
        "TP": 7466.0,
        "FP": 82516.0,
        "FN": 473.0,
        "AP": 86.39526297061796,
        "Recall": 94.04207078977201,
        "Precision": 8.297214998555265
    },
    "monkey": {
        "TP": 180.0,
        "FP": 71896.0,
        "FN": 0.0,
        "AP": 0.4695830481968414,
        "Recall": 100.0,
        "Precision": 0.2497363893667795
    },
    "motorcycle": {
        "TP": 1103.0,
        "FP": 39585.0,
        "FN": 36.0,
        "AP": 87.94501495954124,
        "Recall": 96.83933274802459,
        "Precision": 2.710872984663783
    },
    "sheep": {
        "TP": 4362.0,
        "FP": 46481.0,
        "FN": 43.0,
        "AP": 76.95196569248188,
        "Recall": 99.02383654937572,
        "Precision": 8.579352123202801
    },
    "squirrel": {
        "TP": 2599.0,
        "FP": 47423.0,
        "FN": 426.0,
        "AP": 56.04433360143395,
        "Recall": 85.91735537190083,
        "Precision": 5.195713885890208
    },
    "train": {
        "TP": 12914.0,
        "FP": 200862.0,
        "FN": 181.0,
        "AP": 92.56406027016702,
        "Recall": 98.61779305078274,
        "Precision": 6.040902627048873
    },
    "turtle": {
        "TP": 102.0,
        "FP": 26983.0,
        "FN": 0.0,
        "AP": 26.247668373179867,
        "Recall": 100.0,
        "Precision": 0.3765922097101717
    },
    "zebra": {
        "TP": 6829.0,
        "FP": 58151.0,
        "FN": 81.0,
        "AP": 97.26436075258175,
        "Recall": 98.82778581765557,
        "Precision": 10.509387503847337
    },
    "mAP": 74.5882986862108
}