{
    "airplane": {
        "TP": 26043.0,
        "FP": 108819.0,
        "FN": 344.0,
        "AP": 96.28253280756778,
        "Recall": 98.69632773714329,
        "Precision": 19.310851092227608
    },
    "bear": {
        "TP": 9673.0,
        "FP": 75609.0,
        "FN": 107.0,
        "AP": 88.67228758955498,
        "Recall": 98.90593047034764,
        "Precision": 11.342370019464834
    },
    "bicycle": {
        "TP": 8502.0,
        "FP": 80892.0,
        "FN": 352.0,
        "AP": 87.4171717618663,
        "Recall": 96.02439575333183,
        "Precision": 9.510705416470904
    },
    "bird": {
        "TP": 8730.0,
        "FP": 113805.0,
        "FN": 1132.0,
        "AP": 79.75355305583425,
        "Recall": 88.52159805313325,
        "Precision": 7.124495042232831
    },
    "bus": {
        "TP": 6184.0,
        "FP": 71433.0,
        "FN": 129.0,
        "AP": 84.45696788908079,
        "Recall": 97.95659749722793,
        "Precision": 7.96732674542948
    },
    "car": {
        "TP": 24811.0,
        "FP": 332492.0,
        "FN": 1879.0,
        "AP": 74.49119464016299,
        "Recall": 92.95991007868115,
        "Precision": 6.9439663254996455
    },
    "cattle": {
        "TP": 393.0,
        "FP": 32890.0,
        "FN": 23.0,
        "AP": 1.8258352857025606,
        "Recall": 94.47115384615384,
        "Precision": 1.180782982303278
    },
    "dog": {
        "TP": 19590.0,
        "FP": 150233.0,
        "FN": 647.0,
        "AP": 83.44636521724851,
        "Recall": 96.8028858032317,
        "Precision": 11.535539944530482
    },
    "domestic_cat": {
        "TP": 11621.0,
        "FP": 67921.0,
        "FN": 8.0,
        "AP": 93.25506727288972,
        "Recall": 99.93120646659214,
        "Precision": 14.60989162957934
    },
    "elephant": {
        "TP": 11503.0,
        "FP": 70707.0,
        "FN": 431.0,
        "AP": 86.85713203949604,
        "Recall": 96.38846991788168,
        "Precision": 13.992215058995255
    },
    "fox": {
        "TP": 3629.0,
        "FP": 42794.0,
        "FN": 2.0,
        "AP": 99.61225940661527,
        "Recall": 99.94491875516387,
        "Precision": 7.817245761799107
    },
    "horse": {
        "TP": 7369.0,
        "FP": 63197.0,
        "FN": 570.0,
        "AP": 85.42563690852114,
        "Recall": 92.82025444010581,
        "Precision": 10.442706119094183
    },
    "monkey": {
        "TP": 180.0,
        "FP": 54845.0,
        "FN": 0.0,
        "AP": 0.9220253631168084,
        "Recall": 100.0,
        "Precision": 0.3271240345297592
    },
    "motorcycle": {
        "TP": 1116.0,
        "FP": 54200.0,
        "FN": 23.0,
        "AP": 89.28996358114473,
        "Recall": 97.98068481123792,
        "Precision": 2.0174994576614362
    },
    "sheep": {
        "TP": 4282.0,
        "FP": 39893.0,
        "FN": 123.0,
        "AP": 80.5139700290915,
        "Recall": 97.20771850170262,
        "Precision": 9.693265421618563
    },
    "squirrel": {
        "TP": 2536.0,
        "FP": 49165.0,
        "FN": 489.0,
        "AP": 55.348138988977965,
        "Recall": 83.83471074380165,
        "Precision": 4.90512756039535
    },
    "train": {
        "TP": 12969.0,
        "FP": 176448.0,
        "FN": 126.0,
        "AP": 93.5562480351316,
        "Recall": 99.03780068728523,
        "Precision": 6.846798333834872
    },
    "turtle": {
        "TP": 102.0,
        "FP": 30962.0,
        "FN": 0.0,
        "AP": 43.35386008120115,
        "Recall": 100.0,
        "Precision": 0.32835436518156064
    },
    "zebra": {
        "TP": 6788.0,
        "FP": 41946.0,
        "FN": 122.0,
        "AP": 95.63205527238443,
        "Recall": 98.23444283646889,
        "Precision": 13.92867402634711
    },
    "mAP": 74.74275080134676
}