{
    "airplane": {
        "TP": 23434.0,
        "FP": 146248.0,
        "FN": 2953.0,
        "AP": 75.82905147402114,
        "Recall": 88.80888316216318,
        "Precision": 13.810539715467756
    },
    "bear": {
        "TP": 8992.0,
        "FP": 95925.0,
        "FN": 788.0,
        "AP": 59.39033178324169,
        "Recall": 91.94274028629856,
        "Precision": 8.57058436668986
    },
    "bicycle": {
        "TP": 7494.0,
        "FP": 76722.0,
        "FN": 1360.0,
        "AP": 60.3479924294528,
        "Recall": 84.6397108651457,
        "Precision": 8.89854659447136
    },
    "bird": {
        "TP": 7519.0,
        "FP": 356766.0,
        "FN": 2343.0,
        "AP": 48.02022259135196,
        "Recall": 76.24214155343743,
        "Precision": 2.064043262829927
    },
    "bus": {
        "TP": 5891.0,
        "FP": 75758.0,
        "FN": 422.0,
        "AP": 68.93792773314502,
        "Recall": 93.31538095992397,
        "Precision": 7.215030190204412
    },
    "car": {
        "TP": 24881.0,
        "FP": 602097.0,
        "FN": 1809.0,
        "AP": 58.159109100709195,
        "Recall": 93.22218059198202,
        "Precision": 3.9684008051319184
    },
    "cattle": {
        "TP": 0,
        "FP": 0,
        "FN": 416,
        "AP": 0.0,
        "Recall": 0,
        "Precision": 0
    },
    "dog": {
        "TP": 18108.0,
        "FP": 163407.0,
        "FN": 2129.0,
        "AP": 51.4935282168525,
        "Recall": 89.47966595839304,
        "Precision": 9.976035038426577
    },
    "domestic_cat": {
        "TP": 11172.0,
        "FP": 174682.0,
        "FN": 457.0,
        "AP": 67.62777499945247,
        "Recall": 96.07016940407603,
        "Precision": 6.011170058217741
    },
    "elephant": {
        "TP": 11404.0,
        "FP": 115507.0,
        "FN": 530.0,
        "AP": 76.18383766580301,
        "Recall": 95.55890732361321,
        "Precision": 8.985824711805911
    },
    "fox": {
        "TP": 0,
        "FP": 0,
        "FN": 3631,
        "AP": 0.0,
        "Recall": 0,
        "Precision": 0
    },
    "horse": {
        "TP": 6754.0,
        "FP": 144567.0,
        "FN": 1185.0,
        "AP": 61.25169312728512,
        "Recall": 85.07368686232523,
        "Precision": 4.463359348669385
    },
    "monkey": {
        "TP": 0,
        "FP": 0,
        "FN": 180,
        "AP": 0.0,
        "Recall": 0,
        "Precision": 0
    },
    "motorcycle": {
        "TP": 968.0,
        "FP": 44909.0,
        "FN": 171.0,
        "AP": 59.94638680015737,
        "Recall": 84.98683055311676,
        "Precision": 2.1099897552150315
    },
    "sheep": {
        "TP": 4090.0,
        "FP": 137236.0,
        "FN": 315.0,
        "AP": 56.98143938217859,
        "Recall": 92.84903518728717,
        "Precision": 2.8940180858440767
    },
    "squirrel": {
        "TP": 0,
        "FP": 0,
        "FN": 3025,
        "AP": 0.0,
        "Recall": 0,
        "Precision": 0
    },
    "train": {
        "TP": 12043.0,
        "FP": 185695.0,
        "FN": 1052.0,
        "AP": 80.21511390990767,
        "Recall": 91.9663993890798,
        "Precision": 6.090382222941468
    },
    "turtle": {
        "TP": 0,
        "FP": 0,
        "FN": 102,
        "AP": 0.0,
        "Recall": 0,
        "Precision": 0
    },
    "zebra": {
        "TP": 6561.0,
        "FP": 48292.0,
        "FN": 349.0,
        "AP": 89.77294724948501,
        "Recall": 94.9493487698987,
        "Precision": 11.96105955918546
    },
    "mAP": 48.11354507700231
}