{
    "airplane": {
        "TP": 24631.0,
        "FP": 19598.0,
        "FN": 1756.0,
        "AP": 91.91233225270936,
        "Recall": 93.34520786751051,
        "Precision": 55.68970584910353
    },
    "bear": {
        "TP": 8256.0,
        "FP": 20050.0,
        "FN": 1524.0,
        "AP": 59.071390035618485,
        "Recall": 84.41717791411043,
        "Precision": 29.16696106832474
    },
    "bicycle": {
        "TP": 8400.0,
        "FP": 47110.0,
        "FN": 454.0,
        "AP": 85.57389860370301,
        "Recall": 94.87237406821775,
        "Precision": 15.132408575031524
    },
    "bird": {
        "TP": 7250.0,
        "FP": 47468.0,
        "FN": 2612.0,
        "AP": 57.337063780449185,
        "Recall": 73.51450010139932,
        "Precision": 13.249753280456156
    },
    "bus": {
        "TP": 6112.0,
        "FP": 21396.0,
        "FN": 201.0,
        "AP": 84.70283420801562,
        "Recall": 96.81609377475051,
        "Precision": 22.218990839028645
    },
    "car": {
        "TP": 24912.0,
        "FP": 189262.0,
        "FN": 1778.0,
        "AP": 71.12169482035844,
        "Recall": 93.33832896215812,
        "Precision": 11.631663974151857
    },
    "cattle": {
        "TP": 0,
        "FP": 0,
        "FN": 416,
        "AP": 0.0,
        "Recall": 0,
        "Precision": 0
    },
    "dog": {
        "TP": 14030.0,
        "FP": 39890.0,
        "FN": 6207.0,
        "AP": 49.99809779600557,
        "Recall": 69.32845777536197,
        "Precision": 26.020029673590507
    },
    "domestic_cat": {
        "TP": 10121.0,
        "FP": 23687.0,
        "FN": 1508.0,
        "AP": 78.93114507721091,
        "Recall": 87.03241895261846,
        "Precision": 29.936701372456227
    },
    "elephant": {
        "TP": 10224.0,
        "FP": 20253.0,
        "FN": 1710.0,
        "AP": 78.41913786369989,
        "Recall": 85.67119155354449,
        "Precision": 33.54660891820061
    },
    "fox": {
        "TP": 0,
        "FP": 0,
        "FN": 3631,
        "AP": 0.0,
        "Recall": 0,
        "Precision": 0
    },
    "horse": {
        "TP": 6266.0,
        "FP": 21985.0,
        "FN": 1673.0,
        "AP": 70.5349581153161,
        "Recall": 78.92681697946846,
        "Precision": 22.179745849704435
    },
    "monkey": {
        "TP": 0,
        "FP": 0,
        "FN": 180,
        "AP": 0.0,
        "Recall": 0,
        "Precision": 0
    },
    "motorcycle": {
        "TP": 1001.0,
        "FP": 13489.0,
        "FN": 138.0,
        "AP": 71.37827656030986,
        "Recall": 87.88410886742757,
        "Precision": 6.908212560386473
    },
    "sheep": {
        "TP": 3879.0,
        "FP": 20540.0,
        "FN": 526.0,
        "AP": 67.31008586784688,
        "Recall": 88.05902383654937,
        "Precision": 15.885171382939514
    },
    "squirrel": {
        "TP": 0,
        "FP": 0,
        "FN": 3025,
        "AP": 0.0,
        "Recall": 0,
        "Precision": 0
    },
    "train": {
        "TP": 11387.0,
        "FP": 24812.0,
        "FN": 1708.0,
        "AP": 81.30587064337074,
        "Recall": 86.95685376097747,
        "Precision": 31.456670073758943
    },
    "turtle": {
        "TP": 0,
        "FP": 0,
        "FN": 102,
        "AP": 0.0,
        "Recall": 0,
        "Precision": 0
    },
    "zebra": {
        "TP": 6416.0,
        "FP": 2825.0,
        "FN": 494.0,
        "AP": 91.97054590894861,
        "Recall": 92.85094066570188,
        "Precision": 69.42971539876636
    },
    "mAP": 54.71407008071383
}