{
    "airplane": {
        "TP": 1644.0,
        "FP": 342938.0,
        "FN": 92.0,
        "AP": 82.65383439084238,
        "Recall": 94.70046082949308,
        "Precision": 0.47709979047077333
    },
    "bear": {
        "TP": 131.0,
        "FP": 84949.0,
        "FN": 33.0,
        "AP": 9.049355269810562,
        "Recall": 79.8780487804878,
        "Precision": 0.15397273154677948
    },
    "bicycle": {
        "TP": 276.0,
        "FP": 87339.0,
        "FN": 25.0,
        "AP": 55.68744075414275,
        "Recall": 91.69435215946844,
        "Precision": 0.3150145523026879
    },
    "bird": {
        "TP": 282.0,
        "FP": 533034.0,
        "FN": 176.0,
        "AP": 7.027843375154516,
        "Recall": 61.572052401746724,
        "Precision": 0.05287671849335103
    },
    "bus": {
        "TP": 106.0,
        "FP": 129088.0,
        "FN": 2.0,
        "AP": 49.7338622224123,
        "Recall": 98.14814814814815,
        "Precision": 0.08204715389259563
    },
    "car": {
        "TP": 823.0,
        "FP": 1130424.0,
        "FN": 23.0,
        "AP": 42.8521275900337,
        "Recall": 97.28132387706856,
        "Precision": 0.07275157414782095
    },
    "cattle": {
        "TP": 0,
        "FP": 0,
        "FN": 5,
        "AP": 0.0,
        "Recall": 0,
        "Precision": 0
    },
    "dog": {
        "TP": 514.0,
        "FP": 155108.0,
        "FN": 158.0,
        "AP": 7.654053128093979,
        "Recall": 76.48809523809523,
        "Precision": 0.3302874914857797
    },
    "domestic_cat": {
        "TP": 70.0,
        "FP": 110810.0,
        "FN": 12.0,
        "AP": 10.403672604764106,
        "Recall": 85.36585365853658,
        "Precision": 0.06313131313131314
    },
    "elephant": {
        "TP": 147.0,
        "FP": 113353.0,
        "FN": 13.0,
        "AP": 57.92469484138968,
        "Recall": 91.875,
        "Precision": 0.12951541850220266
    },
    "fox": {
        "TP": 0,
        "FP": 0,
        "FN": 35,
        "AP": 0.0,
        "Recall": 0,
        "Precision": 0
    },
    "horse": {
        "TP": 175.0,
        "FP": 151987.0,
        "FN": 51.0,
        "AP": 32.86591130821181,
        "Recall": 77.43362831858407,
        "Precision": 0.11500900356199313
    },
    "monkey": {
        "TP": 0,
        "FP": 0,
        "FN": 2,
        "AP": 0.0,
        "Recall": 0,
        "Precision": 0
    },
    "motorcycle": {
        "TP": 99.0,
        "FP": 28512.0,
        "FN": 4.0,
        "AP": 77.11912494429134,
        "Recall": 96.11650485436894,
        "Precision": 0.34602076124567477
    },
    "sheep": {
        "TP": 41.0,
        "FP": 87228.0,
        "FN": 7.0,
        "AP": 28.155987048715797,
        "Recall": 85.41666666666666,
        "Precision": 0.04698117315427013
    },
    "squirrel": {
        "TP": 0,
        "FP": 0,
        "FN": 149,
        "AP": 0.0,
        "Recall": 0,
        "Precision": 0
    },
    "train": {
        "TP": 90.0,
        "FP": 376046.0,
        "FN": 23.0,
        "AP": 33.35498850917224,
        "Recall": 79.64601769911505,
        "Precision": 0.023927515579471256
    },
    "turtle": {
        "TP": 0,
        "FP": 0,
        "FN": 3,
        "AP": 0.0,
        "Recall": 0,
        "Precision": 0
    },
    "zebra": {
        "TP": 136.0,
        "FP": 107350.0,
        "FN": 38.0,
        "AP": 54.422866486010435,
        "Recall": 78.16091954022988,
        "Precision": 0.12652810598589584
    },
    "mAP": 28.88977697226555
}