{
    "airplane": {
        "TP": 1671.0,
        "FP": 464799.0,
        "FN": 65.0,
        "AP": 63.305036191909856,
        "Recall": 96.25576036866359,
        "Precision": 0.358222393723069
    },
    "bear": {
        "TP": 135.0,
        "FP": 103024.0,
        "FN": 29.0,
        "AP": 7.034998819410982,
        "Recall": 82.3170731707317,
        "Precision": 0.1308659448036526
    },
    "bicycle": {
        "TP": 277.0,
        "FP": 96490.0,
        "FN": 24.0,
        "AP": 54.28437059628644,
        "Recall": 92.02657807308971,
        "Precision": 0.286254611592795
    },
    "bird": {
        "TP": 241.0,
        "FP": 619904.0,
        "FN": 217.0,
        "AP": 4.8495026594527175,
        "Recall": 52.62008733624454,
        "Precision": 0.03886187907666755
    },
    "bus": {
        "TP": 106.0,
        "FP": 125736.0,
        "FN": 2.0,
        "AP": 40.37586473499236,
        "Recall": 98.14814814814815,
        "Precision": 0.08423260914480062
    },
    "car": {
        "TP": 821.0,
        "FP": 1144946.0,
        "FN": 25.0,
        "AP": 38.55518942580417,
        "Recall": 97.04491725768321,
        "Precision": 0.07165505726731525
    },
    "cattle": {
        "TP": 0,
        "FP": 0,
        "FN": 5,
        "AP": 0.0,
        "Recall": 0,
        "Precision": 0
    },
    "dog": {
        "TP": 547.0,
        "FP": 159273.0,
        "FN": 125.0,
        "AP": 6.415955803200155,
        "Recall": 81.39880952380952,
        "Precision": 0.34226004254786635
    },
    "domestic_cat": {
        "TP": 68.0,
        "FP": 80332.0,
        "FN": 14.0,
        "AP": 7.825816608936624,
        "Recall": 82.92682926829268,
        "Precision": 0.0845771144278607
    },
    "elephant": {
        "TP": 150.0,
        "FP": 122583.0,
        "FN": 10.0,
        "AP": 38.29686861243402,
        "Recall": 93.75,
        "Precision": 0.12221651878467894
    },
    "fox": {
        "TP": 0,
        "FP": 0,
        "FN": 35,
        "AP": 0.0,
        "Recall": 0,
        "Precision": 0
    },
    "horse": {
        "TP": 163.0,
        "FP": 189827.0,
        "FN": 63.0,
        "AP": 33.29471661773853,
        "Recall": 72.12389380530973,
        "Precision": 0.08579398915732407
    },
    "monkey": {
        "TP": 0,
        "FP": 0,
        "FN": 2,
        "AP": 0.0,
        "Recall": 0,
        "Precision": 0
    },
    "motorcycle": {
        "TP": 100.0,
        "FP": 26586.0,
        "FN": 3.0,
        "AP": 69.31993275259029,
        "Recall": 97.0873786407767,
        "Precision": 0.37472832196657424
    },
    "sheep": {
        "TP": 45.0,
        "FP": 155927.0,
        "FN": 3.0,
        "AP": 30.970257108135396,
        "Recall": 93.75,
        "Precision": 0.028851332290411102
    },
    "squirrel": {
        "TP": 0,
        "FP": 0,
        "FN": 149,
        "AP": 0.0,
        "Recall": 0,
        "Precision": 0
    },
    "train": {
        "TP": 91.0,
        "FP": 456127.0,
        "FN": 22.0,
        "AP": 31.641638280572305,
        "Recall": 80.53097345132744,
        "Precision": 0.01994660447417682
    },
    "turtle": {
        "TP": 0,
        "FP": 0,
        "FN": 3,
        "AP": 0.0,
        "Recall": 0,
        "Precision": 0
    },
    "zebra": {
        "TP": 127.0,
        "FP": 175069.0,
        "FN": 47.0,
        "AP": 51.37982363255067,
        "Recall": 72.98850574712644,
        "Precision": 0.072490239503185
    },
    "mAP": 25.134209044421823
}