{
    "airplane": {
        "TP": 1693.0,
        "FP": 833265.0,
        "FN": 43.0,
        "AP": 86.50005305304313,
        "Recall": 97.52304147465438,
        "Precision": 0.20276468996045313
    },
    "bear": {
        "TP": 113.0,
        "FP": 564969.0,
        "FN": 51.0,
        "AP": 27.581528127518943,
        "Recall": 68.90243902439023,
        "Precision": 0.019997097766341874
    },
    "bicycle": {
        "TP": 266.0,
        "FP": 76770.0,
        "FN": 35.0,
        "AP": 64.39175035540025,
        "Recall": 88.37209302325581,
        "Precision": 0.3452931097149385
    },
    "bird": {
        "TP": 225.0,
        "FP": 805109.0,
        "FN": 233.0,
        "AP": 12.404283139606642,
        "Recall": 49.12663755458515,
        "Precision": 0.027938718593776002
    },
    "bus": {
        "TP": 105.0,
        "FP": 59937.0,
        "FN": 3.0,
        "AP": 44.59972609205557,
        "Recall": 97.22222222222221,
        "Precision": 0.174877585690017
    },
    "car": {
        "TP": 826.0,
        "FP": 753849.0,
        "FN": 20.0,
        "AP": 43.7163528963183,
        "Recall": 97.63593380614657,
        "Precision": 0.10945108821678205
    },
    "cattle": {
        "TP": 0,
        "FP": 0,
        "FN": 5,
        "AP": 0.0,
        "Recall": 0,
        "Precision": 0
    },
    "dog": {
        "TP": 491.0,
        "FP": 443273.0,
        "FN": 181.0,
        "AP": 27.702344717459788,
        "Recall": 73.06547619047619,
        "Precision": 0.11064439657115044
    },
    "domestic_cat": {
        "TP": 66.0,
        "FP": 465429.0,
        "FN": 16.0,
        "AP": 25.039744002973634,
        "Recall": 80.48780487804879,
        "Precision": 0.014178455192859216
    },
    "elephant": {
        "TP": 157.0,
        "FP": 391301.0,
        "FN": 3.0,
        "AP": 74.08670009653686,
        "Recall": 98.125,
        "Precision": 0.04010647374686429
    },
    "fox": {
        "TP": 0,
        "FP": 0,
        "FN": 35,
        "AP": 0.0,
        "Recall": 0,
        "Precision": 0
    },
    "horse": {
        "TP": 203.0,
        "FP": 250598.0,
        "FN": 23.0,
        "AP": 32.01692612246241,
        "Recall": 89.82300884955751,
        "Precision": 0.08094066610579702
    },
    "monkey": {
        "TP": 0,
        "FP": 0,
        "FN": 2,
        "AP": 0.0,
        "Recall": 0,
        "Precision": 0
    },
    "motorcycle": {
        "TP": 81.0,
        "FP": 19450.0,
        "FN": 22.0,
        "AP": 59.72108608657831,
        "Recall": 78.64077669902912,
        "Precision": 0.4147253084839486
    },
    "sheep": {
        "TP": 43.0,
        "FP": 147043.0,
        "FN": 5.0,
        "AP": 42.617590282183635,
        "Recall": 89.58333333333334,
        "Precision": 0.029234597446391907
    },
    "squirrel": {
        "TP": 0,
        "FP": 0,
        "FN": 149,
        "AP": 0.0,
        "Recall": 0,
        "Precision": 0
    },
    "train": {
        "TP": 94.0,
        "FP": 499570.0,
        "FN": 19.0,
        "AP": 60.47894064398807,
        "Recall": 83.1858407079646,
        "Precision": 0.018812642095488167
    },
    "turtle": {
        "TP": 0,
        "FP": 0,
        "FN": 3,
        "AP": 0.0,
        "Recall": 0,
        "Precision": 0
    },
    "zebra": {
        "TP": 128.0,
        "FP": 261501.0,
        "FN": 46.0,
        "AP": 55.79964210443124,
        "Recall": 73.5632183908046,
        "Precision": 0.04892424004984157
    },
    "mAP": 34.56087724845035
}