{
    "airplane": {
        "TP": 1688.0,
        "FP": 281726.0,
        "FN": 48.0,
        "AP": 86.2404799701015,
        "Recall": 97.23502304147466,
        "Precision": 0.5955951364435066
    },
    "bear": {
        "TP": 160.0,
        "FP": 138003.0,
        "FN": 4.0,
        "AP": 28.708931786266913,
        "Recall": 97.5609756097561,
        "Precision": 0.11580524453001166
    },
    "bicycle": {
        "TP": 273.0,
        "FP": 155159.0,
        "FN": 28.0,
        "AP": 58.894775907463824,
        "Recall": 90.69767441860465,
        "Precision": 0.17563950795203045
    },
    "bird": {
        "TP": 314.0,
        "FP": 256444.0,
        "FN": 144.0,
        "AP": 27.00772589313104,
        "Recall": 68.5589519650655,
        "Precision": 0.12229414468098365
    },
    "bus": {
        "TP": 100.0,
        "FP": 90801.0,
        "FN": 8.0,
        "AP": 34.36714815069966,
        "Recall": 92.5925925925926,
        "Precision": 0.11000979087138756
    },
    "car": {
        "TP": 815.0,
        "FP": 592582.0,
        "FN": 31.0,
        "AP": 45.58349448405596,
        "Recall": 96.33569739952719,
        "Precision": 0.13734481300040277
    },
    "cattle": {
        "TP": 5.0,
        "FP": 81181.0,
        "FN": 0.0,
        "AP": 0.5804696532837136,
        "Recall": 100.0,
        "Precision": 0.0061586973123444935
    },
    "dog": {
        "TP": 641.0,
        "FP": 336145.0,
        "FN": 31.0,
        "AP": 29.78435572471257,
        "Recall": 95.38690476190477,
        "Precision": 0.19032857660354052
    },
    "domestic_cat": {
        "TP": 79.0,
        "FP": 140767.0,
        "FN": 3.0,
        "AP": 45.73488854940474,
        "Recall": 96.34146341463415,
        "Precision": 0.056089629808443266
    },
    "elephant": {
        "TP": 156.0,
        "FP": 98856.0,
        "FN": 4.0,
        "AP": 64.96610376070775,
        "Recall": 97.5,
        "Precision": 0.15755665979881225
    },
    "fox": {
        "TP": 31.0,
        "FP": 124759.0,
        "FN": 4.0,
        "AP": 78.40305690738668,
        "Recall": 88.57142857142857,
        "Precision": 0.024841734113310362
    },
    "horse": {
        "TP": 161.0,
        "FP": 120820.0,
        "FN": 65.0,
        "AP": 40.673557662072824,
        "Recall": 71.23893805309734,
        "Precision": 0.13307874790256322
    },
    "monkey": {
        "TP": 2.0,
        "FP": 117692.0,
        "FN": 0.0,
        "AP": 0.6718930863937704,
        "Recall": 100.0,
        "Precision": 0.001699321970533757
    },
    "motorcycle": {
        "TP": 102.0,
        "FP": 103022.0,
        "FN": 1.0,
        "AP": 71.45500071163329,
        "Recall": 99.02912621359224,
        "Precision": 0.09891005003684883
    },
    "sheep": {
        "TP": 48.0,
        "FP": 101362.0,
        "FN": 0.0,
        "AP": 32.96796856947509,
        "Recall": 100.0,
        "Precision": 0.04733261019623312
    },
    "squirrel": {
        "TP": 113.0,
        "FP": 126067.0,
        "FN": 36.0,
        "AP": 22.89150909162219,
        "Recall": 75.83892617449665,
        "Precision": 0.08955460453320653
    },
    "train": {
        "TP": 107.0,
        "FP": 214858.0,
        "FN": 6.0,
        "AP": 50.551554600100715,
        "Recall": 94.69026548672566,
        "Precision": 0.04977554485613938
    },
    "turtle": {
        "TP": 3.0,
        "FP": 47097.0,
        "FN": 0.0,
        "AP": 4.860603952935722,
        "Recall": 100.0,
        "Precision": 0.006369426751592356
    },
    "zebra": {
        "TP": 154.0,
        "FP": 57222.0,
        "FN": 20.0,
        "AP": 51.1203681962638,
        "Recall": 88.50574712643679,
        "Precision": 0.2684049079754601
    },
    "mAP": 40.813888771458515
}