{
    "airplane": {
        "TP": 1703.0,
        "FP": 171953.0,
        "FN": 33.0,
        "AP": 86.92300763718721,
        "Recall": 98.09907834101382,
        "Precision": 0.9806744368176165
    },
    "bear": {
        "TP": 149.0,
        "FP": 124867.0,
        "FN": 15.0,
        "AP": 10.513819470008496,
        "Recall": 90.85365853658537,
        "Precision": 0.11918474435272286
    },
    "bicycle": {
        "TP": 271.0,
        "FP": 110642.0,
        "FN": 30.0,
        "AP": 60.8365833907023,
        "Recall": 90.03322259136213,
        "Precision": 0.2443356504647787
    },
    "bird": {
        "TP": 259.0,
        "FP": 302950.0,
        "FN": 199.0,
        "AP": 11.047749173451459,
        "Recall": 56.55021834061136,
        "Precision": 0.08541962804534167
    },
    "bus": {
        "TP": 106.0,
        "FP": 60203.0,
        "FN": 2.0,
        "AP": 40.49351429966424,
        "Recall": 98.14814814814815,
        "Precision": 0.17576149496758361
    },
    "car": {
        "TP": 823.0,
        "FP": 529529.0,
        "FN": 23.0,
        "AP": 37.04808379807738,
        "Recall": 97.28132387706856,
        "Precision": 0.15517995595378165
    },
    "cattle": {
        "TP": 0,
        "FP": 0,
        "FN": 5,
        "AP": 0.0,
        "Recall": 0,
        "Precision": 0
    },
    "dog": {
        "TP": 628.0,
        "FP": 192392.0,
        "FN": 44.0,
        "AP": 18.59355660141721,
        "Recall": 93.45238095238095,
        "Precision": 0.32535488550409286
    },
    "domestic_cat": {
        "TP": 80.0,
        "FP": 154780.0,
        "FN": 2.0,
        "AP": 12.321588728867464,
        "Recall": 97.5609756097561,
        "Precision": 0.05165956347668862
    },
    "elephant": {
        "TP": 157.0,
        "FP": 173874.0,
        "FN": 3.0,
        "AP": 77.10740616461413,
        "Recall": 98.125,
        "Precision": 0.0902138124816843
    },
    "fox": {
        "TP": 0,
        "FP": 0,
        "FN": 35,
        "AP": 0.0,
        "Recall": 0,
        "Precision": 0
    },
    "horse": {
        "TP": 193.0,
        "FP": 137084.0,
        "FN": 33.0,
        "AP": 27.40957643968958,
        "Recall": 85.39823008849558,
        "Precision": 0.1405916504585619
    },
    "monkey": {
        "TP": 0,
        "FP": 0,
        "FN": 2,
        "AP": 0.0,
        "Recall": 0,
        "Precision": 0
    },
    "motorcycle": {
        "TP": 95.0,
        "FP": 32976.0,
        "FN": 8.0,
        "AP": 55.334535082032474,
        "Recall": 92.23300970873787,
        "Precision": 0.28726074203985363
    },
    "sheep": {
        "TP": 47.0,
        "FP": 100529.0,
        "FN": 1.0,
        "AP": 20.8950159504309,
        "Recall": 97.91666666666666,
        "Precision": 0.046730830416799235
    },
    "squirrel": {
        "TP": 0,
        "FP": 0,
        "FN": 149,
        "AP": 0.0,
        "Recall": 0,
        "Precision": 0
    },
    "train": {
        "TP": 97.0,
        "FP": 282766.0,
        "FN": 16.0,
        "AP": 43.277519906574305,
        "Recall": 85.84070796460178,
        "Precision": 0.03429221920152158
    },
    "turtle": {
        "TP": 0,
        "FP": 0,
        "FN": 3,
        "AP": 0.0,
        "Recall": 0,
        "Precision": 0
    },
    "zebra": {
        "TP": 149.0,
        "FP": 44674.0,
        "FN": 25.0,
        "AP": 51.74460281839155,
        "Recall": 85.63218390804597,
        "Precision": 0.33241862436695446
    },
    "mAP": 29.13402944532151
}