{
    "airplane": {
        "TP": 1708.0,
        "FP": 188184.0,
        "FN": 28.0,
        "AP": 87.89717854419972,
        "Recall": 98.38709677419355,
        "Precision": 0.8994586396477998
    },
    "bear": {
        "TP": 160.0,
        "FP": 109725.0,
        "FN": 4.0,
        "AP": 19.573776430971932,
        "Recall": 97.5609756097561,
        "Precision": 0.14560677071483824
    },
    "bicycle": {
        "TP": 273.0,
        "FP": 146613.0,
        "FN": 28.0,
        "AP": 62.88160669059343,
        "Recall": 90.69767441860465,
        "Precision": 0.18585842081614315
    },
    "bird": {
        "TP": 288.0,
        "FP": 201054.0,
        "FN": 170.0,
        "AP": 26.122479801296734,
        "Recall": 62.882096069869,
        "Precision": 0.14304020025628036
    },
    "bus": {
        "TP": 104.0,
        "FP": 73403.0,
        "FN": 4.0,
        "AP": 42.254039846866135,
        "Recall": 96.29629629629629,
        "Precision": 0.14148312405621233
    },
    "car": {
        "TP": 801.0,
        "FP": 382636.0,
        "FN": 45.0,
        "AP": 46.60792742133647,
        "Recall": 94.68085106382979,
        "Precision": 0.20890002790549686
    },
    "cattle": {
        "TP": 4.0,
        "FP": 66557.0,
        "FN": 1.0,
        "AP": 0.2927960500536261,
        "Recall": 80.0,
        "Precision": 0.006009525097279188
    },
    "dog": {
        "TP": 654.0,
        "FP": 216930.0,
        "FN": 18.0,
        "AP": 37.18996276032226,
        "Recall": 97.32142857142857,
        "Precision": 0.300573571586146
    },
    "domestic_cat": {
        "TP": 81.0,
        "FP": 114941.0,
        "FN": 1.0,
        "AP": 51.96336626427782,
        "Recall": 98.78048780487805,
        "Precision": 0.07042131070577802
    },
    "elephant": {
        "TP": 154.0,
        "FP": 78241.0,
        "FN": 6.0,
        "AP": 65.14275620170619,
        "Recall": 96.25,
        "Precision": 0.19644109955992092
    },
    "fox": {
        "TP": 35.0,
        "FP": 78541.0,
        "FN": 0.0,
        "AP": 75.47959938255066,
        "Recall": 100.0,
        "Precision": 0.04454286296070047
    },
    "horse": {
        "TP": 155.0,
        "FP": 97246.0,
        "FN": 71.0,
        "AP": 34.1080318125865,
        "Recall": 68.58407079646017,
        "Precision": 0.15913594316280122
    },
    "monkey": {
        "TP": 2.0,
        "FP": 109605.0,
        "FN": 0.0,
        "AP": 0.8545979778526721,
        "Recall": 100.0,
        "Precision": 0.0018247009771273732
    },
    "motorcycle": {
        "TP": 98.0,
        "FP": 88107.0,
        "FN": 5.0,
        "AP": 76.91719625394344,
        "Recall": 95.14563106796116,
        "Precision": 0.11110481265234397
    },
    "sheep": {
        "TP": 48.0,
        "FP": 85346.0,
        "FN": 0.0,
        "AP": 36.24437042951124,
        "Recall": 100.0,
        "Precision": 0.056210038175984266
    },
    "squirrel": {
        "TP": 128.0,
        "FP": 92951.0,
        "FN": 21.0,
        "AP": 24.178289763111614,
        "Recall": 85.90604026845638,
        "Precision": 0.13751759258264484
    },
    "train": {
        "TP": 106.0,
        "FP": 204632.0,
        "FN": 7.0,
        "AP": 52.48995338038848,
        "Recall": 93.80530973451327,
        "Precision": 0.05177348611396028
    },
    "turtle": {
        "TP": 3.0,
        "FP": 41381.0,
        "FN": 0.0,
        "AP": 41.42857142857142,
        "Recall": 100.0,
        "Precision": 0.007249178426445004
    },
    "zebra": {
        "TP": 162.0,
        "FP": 60917.0,
        "FN": 12.0,
        "AP": 55.19551636452291,
        "Recall": 93.10344827586206,
        "Precision": 0.2652302755447863
    },
    "mAP": 44.0432640423507
}