{
    "airplane": {
        "TP": 1546.0,
        "FP": 33567.0,
        "FN": 190.0,
        "AP": 69.39582837575385,
        "Recall": 89.0552995391705,
        "Precision": 4.402927690598924
    },
    "bear": {
        "TP": 130.0,
        "FP": 20645.0,
        "FN": 34.0,
        "AP": 12.925383844015254,
        "Recall": 79.26829268292683,
        "Precision": 0.6257521058965102
    },
    "bicycle": {
        "TP": 262.0,
        "FP": 19003.0,
        "FN": 39.0,
        "AP": 57.295167262342304,
        "Recall": 87.04318936877077,
        "Precision": 1.3599792369582144
    },
    "bird": {
        "TP": 157.0,
        "FP": 44781.0,
        "FN": 301.0,
        "AP": 10.429219715509804,
        "Recall": 34.27947598253275,
        "Precision": 0.34937024344652634
    },
    "bus": {
        "TP": 102.0,
        "FP": 19275.0,
        "FN": 6.0,
        "AP": 36.98739503802073,
        "Recall": 94.44444444444444,
        "Precision": 0.5263972751199876
    },
    "car": {
        "TP": 803.0,
        "FP": 139461.0,
        "FN": 43.0,
        "AP": 31.80787760408817,
        "Recall": 94.91725768321513,
        "Precision": 0.5724918724690583
    },
    "cattle": {
        "TP": 0,
        "FP": 0,
        "FN": 5,
        "AP": 0.0,
        "Recall": 0,
        "Precision": 0
    },
    "dog": {
        "TP": 487.0,
        "FP": 50008.0,
        "FN": 185.0,
        "AP": 10.131743079274813,
        "Recall": 72.47023809523809,
        "Precision": 0.9644519259332607
    },
    "domestic_cat": {
        "TP": 58.0,
        "FP": 35006.0,
        "FN": 24.0,
        "AP": 27.032253500947306,
        "Recall": 70.73170731707317,
        "Precision": 0.1654118183892311
    },
    "elephant": {
        "TP": 152.0,
        "FP": 19469.0,
        "FN": 8.0,
        "AP": 67.63736256611553,
        "Recall": 95.0,
        "Precision": 0.7746801895927832
    },
    "fox": {
        "TP": 0,
        "FP": 0,
        "FN": 35,
        "AP": 0.0,
        "Recall": 0,
        "Precision": 0
    },
    "horse": {
        "TP": 174.0,
        "FP": 26817.0,
        "FN": 52.0,
        "AP": 32.30198238935331,
        "Recall": 76.99115044247787,
        "Precision": 0.6446593308880738
    },
    "monkey": {
        "TP": 0,
        "FP": 0,
        "FN": 2,
        "AP": 0.0,
        "Recall": 0,
        "Precision": 0
    },
    "motorcycle": {
        "TP": 84.0,
        "FP": 6162.0,
        "FN": 19.0,
        "AP": 49.40034146949846,
        "Recall": 81.55339805825243,
        "Precision": 1.344860710854947
    },
    "sheep": {
        "TP": 45.0,
        "FP": 22731.0,
        "FN": 3.0,
        "AP": 38.48446492695757,
        "Recall": 93.75,
        "Precision": 0.19757639620653322
    },
    "squirrel": {
        "TP": 0,
        "FP": 0,
        "FN": 149,
        "AP": 0.0,
        "Recall": 0,
        "Precision": 0
    },
    "train": {
        "TP": 88.0,
        "FP": 64291.0,
        "FN": 25.0,
        "AP": 44.25449002972655,
        "Recall": 77.87610619469027,
        "Precision": 0.136690535733702
    },
    "turtle": {
        "TP": 0,
        "FP": 0,
        "FN": 3,
        "AP": 0.0,
        "Recall": 0,
        "Precision": 0
    },
    "zebra": {
        "TP": 121.0,
        "FP": 4485.0,
        "FN": 53.0,
        "AP": 55.08401130804251,
        "Recall": 69.54022988505747,
        "Precision": 2.6270082501085543
    },
    "mAP": 28.58776426892875
}