{
    "airplane": {
        "TP": 1647.0,
        "FP": 147988.0,
        "FN": 89.0,
        "AP": 74.89787297369571,
        "Recall": 94.87327188940093,
        "Precision": 1.1006783172386139
    },
    "bear": {
        "TP": 149.0,
        "FP": 86597.0,
        "FN": 15.0,
        "AP": 18.557238812467837,
        "Recall": 90.85365853658537,
        "Precision": 0.17176584511101378
    },
    "bicycle": {
        "TP": 267.0,
        "FP": 83776.0,
        "FN": 34.0,
        "AP": 59.006673554638446,
        "Recall": 88.70431893687709,
        "Precision": 0.3176945135228395
    },
    "bird": {
        "TP": 257.0,
        "FP": 560220.0,
        "FN": 201.0,
        "AP": 11.731853906077975,
        "Recall": 56.11353711790393,
        "Precision": 0.045853799531470514
    },
    "bus": {
        "TP": 106.0,
        "FP": 70633.0,
        "FN": 2.0,
        "AP": 36.588685224666555,
        "Recall": 98.14814814814815,
        "Precision": 0.14984661926235882
    },
    "car": {
        "TP": 827.0,
        "FP": 561435.0,
        "FN": 19.0,
        "AP": 31.2989752730967,
        "Recall": 97.75413711583924,
        "Precision": 0.14708445528952696
    },
    "cattle": {
        "TP": 0,
        "FP": 0,
        "FN": 5,
        "AP": 0.0,
        "Recall": 0,
        "Precision": 0
    },
    "dog": {
        "TP": 638.0,
        "FP": 173946.0,
        "FN": 34.0,
        "AP": 16.8331450517514,
        "Recall": 94.94047619047619,
        "Precision": 0.36544013197085645
    },
    "domestic_cat": {
        "TP": 76.0,
        "FP": 168859.0,
        "FN": 6.0,
        "AP": 28.23726511235254,
        "Recall": 92.6829268292683,
        "Precision": 0.04498771716932548
    },
    "elephant": {
        "TP": 158.0,
        "FP": 147741.0,
        "FN": 2.0,
        "AP": 74.15534307719207,
        "Recall": 98.75,
        "Precision": 0.10682966078202015
    },
    "fox": {
        "TP": 0,
        "FP": 0,
        "FN": 35,
        "AP": 0.0,
        "Recall": 0,
        "Precision": 0
    },
    "horse": {
        "TP": 185.0,
        "FP": 145736.0,
        "FN": 41.0,
        "AP": 33.200170024301826,
        "Recall": 81.85840707964603,
        "Precision": 0.12678092940700791
    },
    "monkey": {
        "TP": 0,
        "FP": 0,
        "FN": 2,
        "AP": 0.0,
        "Recall": 0,
        "Precision": 0
    },
    "motorcycle": {
        "TP": 92.0,
        "FP": 40417.0,
        "FN": 11.0,
        "AP": 47.775803650262105,
        "Recall": 89.32038834951457,
        "Precision": 0.227110024932731
    },
    "sheep": {
        "TP": 47.0,
        "FP": 221450.0,
        "FN": 1.0,
        "AP": 38.150047221699964,
        "Recall": 97.91666666666666,
        "Precision": 0.021219249019174075
    },
    "squirrel": {
        "TP": 0,
        "FP": 0,
        "FN": 149,
        "AP": 0.0,
        "Recall": 0,
        "Precision": 0
    },
    "train": {
        "TP": 99.0,
        "FP": 212497.0,
        "FN": 14.0,
        "AP": 51.245331998359724,
        "Recall": 87.61061946902655,
        "Precision": 0.046567197877664675
    },
    "turtle": {
        "TP": 0,
        "FP": 0,
        "FN": 3,
        "AP": 0.0,
        "Recall": 0,
        "Precision": 0
    },
    "zebra": {
        "TP": 163.0,
        "FP": 45720.0,
        "FN": 11.0,
        "AP": 54.54866082854145,
        "Recall": 93.67816091954023,
        "Precision": 0.35525140030076496
    },
    "mAP": 30.32774035311076
}