{
    "airplane": {
        "TP": 1719.0,
        "FP": 123673.0,
        "FN": 17.0,
        "AP": 87.72665103104109,
        "Recall": 99.02073732718894,
        "Precision": 1.370900854918974
    },
    "bear": {
        "TP": 162.0,
        "FP": 98291.0,
        "FN": 2.0,
        "AP": 28.680940102199475,
        "Recall": 98.78048780487805,
        "Precision": 0.16454551918174154
    },
    "bicycle": {
        "TP": 282.0,
        "FP": 92364.0,
        "FN": 19.0,
        "AP": 66.78285421525293,
        "Recall": 93.68770764119601,
        "Precision": 0.3043844310601645
    },
    "bird": {
        "TP": 386.0,
        "FP": 170684.0,
        "FN": 72.0,
        "AP": 31.608380298750028,
        "Recall": 84.27947598253274,
        "Precision": 0.22563862746244226
    },
    "bus": {
        "TP": 108.0,
        "FP": 63533.0,
        "FN": 0.0,
        "AP": 56.01396702561031,
        "Recall": 100.0,
        "Precision": 0.16970192171713203
    },
    "car": {
        "TP": 826.0,
        "FP": 377868.0,
        "FN": 20.0,
        "AP": 49.656433342674376,
        "Recall": 97.63593380614657,
        "Precision": 0.2181180583795888
    },
    "cattle": {
        "TP": 5.0,
        "FP": 30672.0,
        "FN": 0.0,
        "AP": 1.5317342268506982,
        "Recall": 100.0,
        "Precision": 0.016298855820321412
    },
    "dog": {
        "TP": 663.0,
        "FP": 214867.0,
        "FN": 9.0,
        "AP": 51.48322624581093,
        "Recall": 98.66071428571429,
        "Precision": 0.30761378926367555
    },
    "domestic_cat": {
        "TP": 82.0,
        "FP": 102207.0,
        "FN": 0.0,
        "AP": 34.11295977422981,
        "Recall": 100.0,
        "Precision": 0.08016502263195456
    },
    "elephant": {
        "TP": 159.0,
        "FP": 85362.0,
        "FN": 1.0,
        "AP": 78.83570620151372,
        "Recall": 99.375,
        "Precision": 0.1859192479040236
    },
    "fox": {
        "TP": 34.0,
        "FP": 55717.0,
        "FN": 1.0,
        "AP": 80.82633081121409,
        "Recall": 97.14285714285714,
        "Precision": 0.06098545317572779
    },
    "horse": {
        "TP": 193.0,
        "FP": 82840.0,
        "FN": 33.0,
        "AP": 49.06282751527513,
        "Recall": 85.39823008849558,
        "Precision": 0.2324377054905881
    },
    "monkey": {
        "TP": 2.0,
        "FP": 71896.0,
        "FN": 0.0,
        "AP": 0.15152455261348183,
        "Recall": 100.0,
        "Precision": 0.0027817185457175444
    },
    "motorcycle": {
        "TP": 102.0,
        "FP": 39585.0,
        "FN": 1.0,
        "AP": 76.60306653701547,
        "Recall": 99.02912621359224,
        "Precision": 0.25701111195101667
    },
    "sheep": {
        "TP": 48.0,
        "FP": 46884.0,
        "FN": 0.0,
        "AP": 41.76296882998478,
        "Recall": 100.0,
        "Precision": 0.10227563283047815
    },
    "squirrel": {
        "TP": 135.0,
        "FP": 47423.0,
        "FN": 14.0,
        "AP": 36.45906916799165,
        "Recall": 90.60402684563759,
        "Precision": 0.2838639135371546
    },
    "train": {
        "TP": 107.0,
        "FP": 200862.0,
        "FN": 6.0,
        "AP": 39.11632655381168,
        "Recall": 94.69026548672566,
        "Precision": 0.053242042305032114
    },
    "turtle": {
        "TP": 3.0,
        "FP": 26983.0,
        "FN": 0.0,
        "AP": 36.9047619047619,
        "Recall": 100.0,
        "Precision": 0.011116875416882827
    },
    "zebra": {
        "TP": 172.0,
        "FP": 58245.0,
        "FN": 2.0,
        "AP": 69.27590273775989,
        "Recall": 98.85057471264368,
        "Precision": 0.29443483917352825
    },
    "mAP": 48.24187531970324
}