{
    "airplane": {
        "TP": 1721.0,
        "FP": 128024.0,
        "FN": 15.0,
        "AP": 90.20085390052326,
        "Recall": 99.13594470046083,
        "Precision": 1.3264480326794867
    },
    "bear": {
        "TP": 159.0,
        "FP": 95186.0,
        "FN": 5.0,
        "AP": 23.36355914617669,
        "Recall": 96.95121951219512,
        "Precision": 0.1667628087471813
    },
    "bicycle": {
        "TP": 282.0,
        "FP": 128531.0,
        "FN": 19.0,
        "AP": 62.03076380994806,
        "Recall": 93.68770764119601,
        "Precision": 0.21892200321396135
    },
    "bird": {
        "TP": 307.0,
        "FP": 211434.0,
        "FN": 151.0,
        "AP": 30.750802483644847,
        "Recall": 67.03056768558952,
        "Precision": 0.14498845287403006
    },
    "bus": {
        "TP": 106.0,
        "FP": 84362.0,
        "FN": 2.0,
        "AP": 46.82212810877854,
        "Recall": 98.14814814814815,
        "Precision": 0.12549131031870056
    },
    "car": {
        "TP": 820.0,
        "FP": 417764.0,
        "FN": 26.0,
        "AP": 48.38943285960564,
        "Recall": 96.92671394799054,
        "Precision": 0.1958985532175143
    },
    "cattle": {
        "TP": 5.0,
        "FP": 75650.0,
        "FN": 0.0,
        "AP": 5.848971691920639,
        "Recall": 100.0,
        "Precision": 0.0066089485162910576
    },
    "dog": {
        "TP": 659.0,
        "FP": 209573.0,
        "FN": 13.0,
        "AP": 40.173104469683594,
        "Recall": 98.06547619047619,
        "Precision": 0.3134632215837741
    },
    "domestic_cat": {
        "TP": 81.0,
        "FP": 115095.0,
        "FN": 1.0,
        "AP": 41.008582142049384,
        "Recall": 98.78048780487805,
        "Precision": 0.07032715148989373
    },
    "elephant": {
        "TP": 155.0,
        "FP": 92310.0,
        "FN": 5.0,
        "AP": 68.83165400329779,
        "Recall": 96.875,
        "Precision": 0.16763099551181526
    },
    "fox": {
        "TP": 33.0,
        "FP": 81285.0,
        "FN": 2.0,
        "AP": 75.40579078186617,
        "Recall": 94.28571428571428,
        "Precision": 0.04058142108758209
    },
    "horse": {
        "TP": 174.0,
        "FP": 96059.0,
        "FN": 52.0,
        "AP": 43.15523424842877,
        "Recall": 76.99115044247787,
        "Precision": 0.18081115625616992
    },
    "monkey": {
        "TP": 2.0,
        "FP": 96561.0,
        "FN": 0.0,
        "AP": 0.13889694204387765,
        "Recall": 100.0,
        "Precision": 0.00207118668641198
    },
    "motorcycle": {
        "TP": 102.0,
        "FP": 71366.0,
        "FN": 1.0,
        "AP": 79.35293043913218,
        "Recall": 99.02912621359224,
        "Precision": 0.142721217887726
    },
    "sheep": {
        "TP": 48.0,
        "FP": 84965.0,
        "FN": 0.0,
        "AP": 37.75046193418404,
        "Recall": 100.0,
        "Precision": 0.05646195287779516
    },
    "squirrel": {
        "TP": 134.0,
        "FP": 85637.0,
        "FN": 15.0,
        "AP": 30.83370249487286,
        "Recall": 89.93288590604027,
        "Precision": 0.15622996117568877
    },
    "train": {
        "TP": 106.0,
        "FP": 236599.0,
        "FN": 7.0,
        "AP": 48.57767967478963,
        "Recall": 93.80530973451327,
        "Precision": 0.04478147905620921
    },
    "turtle": {
        "TP": 3.0,
        "FP": 46625.0,
        "FN": 0.0,
        "AP": 38.13725490196078,
        "Recall": 100.0,
        "Precision": 0.006433902376254611
    },
    "zebra": {
        "TP": 163.0,
        "FP": 62195.0,
        "FN": 11.0,
        "AP": 57.52444354308545,
        "Recall": 93.67816091954023,
        "Precision": 0.26139388691106197
    },
    "mAP": 45.69980250399958
}