{
    "airplane": {
        "TP": 1723.0,
        "FP": 109558.0,
        "FN": 13.0,
        "AP": 91.61126729618715,
        "Recall": 99.25115207373271,
        "Precision": 1.5483325994554327
    },
    "bear": {
        "TP": 161.0,
        "FP": 75609.0,
        "FN": 3.0,
        "AP": 25.622467161523772,
        "Recall": 98.17073170731707,
        "Precision": 0.21248515243500066
    },
    "bicycle": {
        "TP": 286.0,
        "FP": 80949.0,
        "FN": 15.0,
        "AP": 67.08800578656013,
        "Recall": 95.01661129568106,
        "Precision": 0.35206499661475965
    },
    "bird": {
        "TP": 374.0,
        "FP": 113838.0,
        "FN": 84.0,
        "AP": 33.05609731775646,
        "Recall": 81.6593886462882,
        "Precision": 0.3274612124820509
    },
    "bus": {
        "TP": 108.0,
        "FP": 71434.0,
        "FN": 0.0,
        "AP": 49.126109325657275,
        "Recall": 100.0,
        "Precision": 0.15096027508316792
    },
    "car": {
        "TP": 823.0,
        "FP": 334896.0,
        "FN": 23.0,
        "AP": 50.58763750715879,
        "Recall": 97.28132387706856,
        "Precision": 0.2451454937015778
    },
    "cattle": {
        "TP": 5.0,
        "FP": 32890.0,
        "FN": 0.0,
        "AP": 0.09794423093430339,
        "Recall": 100.0,
        "Precision": 0.015199878400972791
    },
    "dog": {
        "TP": 663.0,
        "FP": 150460.0,
        "FN": 9.0,
        "AP": 48.39379454641835,
        "Recall": 98.66071428571429,
        "Precision": 0.43871548341417255
    },
    "domestic_cat": {
        "TP": 82.0,
        "FP": 67921.0,
        "FN": 0.0,
        "AP": 37.08445358529774,
        "Recall": 100.0,
        "Precision": 0.12058291545961207
    },
    "elephant": {
        "TP": 159.0,
        "FP": 71703.0,
        "FN": 1.0,
        "AP": 76.68682547609859,
        "Recall": 99.375,
        "Precision": 0.22125741003590216
    },
    "fox": {
        "TP": 34.0,
        "FP": 42794.0,
        "FN": 1.0,
        "AP": 83.1518824359882,
        "Recall": 97.14285714285714,
        "Precision": 0.07938731670869524
    },
    "horse": {
        "TP": 185.0,
        "FP": 63493.0,
        "FN": 41.0,
        "AP": 44.8671044509991,
        "Recall": 81.85840707964603,
        "Precision": 0.29052419988064954
    },
    "monkey": {
        "TP": 2.0,
        "FP": 54845.0,
        "FN": 0.0,
        "AP": 0.5717272533551113,
        "Recall": 100.0,
        "Precision": 0.003646507557386913
    },
    "motorcycle": {
        "TP": 103.0,
        "FP": 54200.0,
        "FN": 0.0,
        "AP": 82.21451283309882,
        "Recall": 100.0,
        "Precision": 0.18967644513194482
    },
    "sheep": {
        "TP": 48.0,
        "FP": 40227.0,
        "FN": 0.0,
        "AP": 25.32957138023606,
        "Recall": 100.0,
        "Precision": 0.11918063314711361
    },
    "squirrel": {
        "TP": 136.0,
        "FP": 49166.0,
        "FN": 13.0,
        "AP": 39.271778151963794,
        "Recall": 91.2751677852349,
        "Precision": 0.2758508782605168
    },
    "train": {
        "TP": 107.0,
        "FP": 176448.0,
        "FN": 6.0,
        "AP": 57.797427716570546,
        "Recall": 94.69026548672566,
        "Precision": 0.060604344255331205
    },
    "turtle": {
        "TP": 3.0,
        "FP": 30962.0,
        "FN": 0.0,
        "AP": 39.53216374269006,
        "Recall": 100.0,
        "Precision": 0.009688357823348943
    },
    "zebra": {
        "TP": 169.0,
        "FP": 42019.0,
        "FN": 5.0,
        "AP": 60.33559924319397,
        "Recall": 97.12643678160919,
        "Precision": 0.40058784488480137
    },
    "mAP": 48.022440496930955
}