{
    "airplane": {
        "TP": 1602.0,
        "FP": 146937.0,
        "FN": 134.0,
        "AP": 65.79469119044292,
        "Recall": 92.2811059907834,
        "Precision": 1.0785046351463252
    },
    "bear": {
        "TP": 133.0,
        "FP": 95925.0,
        "FN": 31.0,
        "AP": 12.11096642552813,
        "Recall": 81.09756097560977,
        "Precision": 0.13845801494930146
    },
    "bicycle": {
        "TP": 269.0,
        "FP": 76751.0,
        "FN": 32.0,
        "AP": 57.33165821324769,
        "Recall": 89.3687707641196,
        "Precision": 0.3492599324850688
    },
    "bird": {
        "TP": 237.0,
        "FP": 356796.0,
        "FN": 221.0,
        "AP": 10.614111981370183,
        "Recall": 51.7467248908297,
        "Precision": 0.06638041861676652
    },
    "bus": {
        "TP": 107.0,
        "FP": 75758.0,
        "FN": 1.0,
        "AP": 41.95672472118189,
        "Recall": 99.07407407407408,
        "Precision": 0.14104000527252356
    },
    "car": {
        "TP": 828.0,
        "FP": 604534.0,
        "FN": 18.0,
        "AP": 28.382262078039066,
        "Recall": 97.87234042553192,
        "Precision": 0.13677766361284652
    },
    "cattle": {
        "TP": 0,
        "FP": 0,
        "FN": 5,
        "AP": 0.0,
        "Recall": 0,
        "Precision": 0
    },
    "dog": {
        "TP": 607.0,
        "FP": 163567.0,
        "FN": 65.0,
        "AP": 18.658644050461167,
        "Recall": 90.32738095238095,
        "Precision": 0.3697296770499592
    },
    "domestic_cat": {
        "TP": 74.0,
        "FP": 174682.0,
        "FN": 8.0,
        "AP": 29.42240763860805,
        "Recall": 90.2439024390244,
        "Precision": 0.04234475497264758
    },
    "elephant": {
        "TP": 158.0,
        "FP": 116622.0,
        "FN": 2.0,
        "AP": 69.90022171291953,
        "Recall": 98.75,
        "Precision": 0.1352971399212194
    },
    "fox": {
        "TP": 0,
        "FP": 0,
        "FN": 35,
        "AP": 0.0,
        "Recall": 0,
        "Precision": 0
    },
    "horse": {
        "TP": 172.0,
        "FP": 144812.0,
        "FN": 54.0,
        "AP": 27.376318781404525,
        "Recall": 76.10619469026548,
        "Precision": 0.11863378027920322
    },
    "monkey": {
        "TP": 0,
        "FP": 0,
        "FN": 2,
        "AP": 0.0,
        "Recall": 0,
        "Precision": 0
    },
    "motorcycle": {
        "TP": 91.0,
        "FP": 44909.0,
        "FN": 12.0,
        "AP": 42.09496288262284,
        "Recall": 88.3495145631068,
        "Precision": 0.20222222222222222
    },
    "sheep": {
        "TP": 47.0,
        "FP": 137650.0,
        "FN": 1.0,
        "AP": 37.397763905311436,
        "Recall": 97.91666666666666,
        "Precision": 0.03413291502356624
    },
    "squirrel": {
        "TP": 0,
        "FP": 0,
        "FN": 149,
        "AP": 0.0,
        "Recall": 0,
        "Precision": 0
    },
    "train": {
        "TP": 91.0,
        "FP": 185695.0,
        "FN": 22.0,
        "AP": 43.8896806936548,
        "Recall": 80.53097345132744,
        "Precision": 0.04898108576534292
    },
    "turtle": {
        "TP": 0,
        "FP": 0,
        "FN": 3,
        "AP": 0.0,
        "Recall": 0,
        "Precision": 0
    },
    "zebra": {
        "TP": 165.0,
        "FP": 48338.0,
        "FN": 9.0,
        "AP": 51.832047184582386,
        "Recall": 94.82758620689656,
        "Precision": 0.34018514318701937
    },
    "mAP": 28.250655866282877
}