{
    "airplane": {
        "TP": 1626.0,
        "FP": 19905.0,
        "FN": 110.0,
        "AP": 87.56897296809323,
        "Recall": 93.66359447004609,
        "Precision": 7.551901908875575
    },
    "bear": {
        "TP": 121.0,
        "FP": 20050.0,
        "FN": 43.0,
        "AP": 16.735591325844066,
        "Recall": 73.78048780487805,
        "Precision": 0.5998711020772396
    },
    "bicycle": {
        "TP": 271.0,
        "FP": 47147.0,
        "FN": 30.0,
        "AP": 57.61179168219866,
        "Recall": 90.03322259136213,
        "Precision": 0.5715129275802437
    },
    "bird": {
        "TP": 224.0,
        "FP": 47490.0,
        "FN": 234.0,
        "AP": 11.237701818105474,
        "Recall": 48.90829694323144,
        "Precision": 0.4694638890053233
    },
    "bus": {
        "TP": 103.0,
        "FP": 21396.0,
        "FN": 5.0,
        "AP": 47.157203120218874,
        "Recall": 95.37037037037037,
        "Precision": 0.47909205079306016
    },
    "car": {
        "TP": 822.0,
        "FP": 191273.0,
        "FN": 24.0,
        "AP": 47.80409640504279,
        "Recall": 97.16312056737588,
        "Precision": 0.42791327207891927
    },
    "cattle": {
        "TP": 0,
        "FP": 0,
        "FN": 5,
        "AP": 0.0,
        "Recall": 0,
        "Precision": 0
    },
    "dog": {
        "TP": 520.0,
        "FP": 39974.0,
        "FN": 152.0,
        "AP": 25.80770739166284,
        "Recall": 77.38095238095238,
        "Precision": 1.2841408603743765
    },
    "domestic_cat": {
        "TP": 60.0,
        "FP": 23687.0,
        "FN": 22.0,
        "AP": 33.44891179736288,
        "Recall": 73.17073170731707,
        "Precision": 0.25266349433612667
    },
    "elephant": {
        "TP": 154.0,
        "FP": 20907.0,
        "FN": 6.0,
        "AP": 68.0956766172204,
        "Recall": 96.25,
        "Precision": 0.7312093442856464
    },
    "fox": {
        "TP": 0,
        "FP": 0,
        "FN": 35,
        "AP": 0.0,
        "Recall": 0,
        "Precision": 0
    },
    "horse": {
        "TP": 140.0,
        "FP": 22135.0,
        "FN": 86.0,
        "AP": 28.847010727914707,
        "Recall": 61.94690265486725,
        "Precision": 0.6285072951739619
    },
    "monkey": {
        "TP": 0,
        "FP": 0,
        "FN": 2,
        "AP": 0.0,
        "Recall": 0,
        "Precision": 0
    },
    "motorcycle": {
        "TP": 90.0,
        "FP": 13489.0,
        "FN": 13.0,
        "AP": 54.78045572854884,
        "Recall": 87.37864077669903,
        "Precision": 0.6627881287281833
    },
    "sheep": {
        "TP": 48.0,
        "FP": 20759.0,
        "FN": 0.0,
        "AP": 31.501187981169647,
        "Recall": 100.0,
        "Precision": 0.23069159417503726
    },
    "squirrel": {
        "TP": 0,
        "FP": 0,
        "FN": 149,
        "AP": 0.0,
        "Recall": 0,
        "Precision": 0
    },
    "train": {
        "TP": 88.0,
        "FP": 24812.0,
        "FN": 25.0,
        "AP": 41.86788751791437,
        "Recall": 77.87610619469027,
        "Precision": 0.3534136546184739
    },
    "turtle": {
        "TP": 0,
        "FP": 0,
        "FN": 3,
        "AP": 0.0,
        "Recall": 0,
        "Precision": 0
    },
    "zebra": {
        "TP": 149.0,
        "FP": 2828.0,
        "FN": 25.0,
        "AP": 62.18892268218812,
        "Recall": 85.63218390804597,
        "Precision": 5.005038629492778
    },
    "mAP": 32.35016409281499
}