{
    "AD": [
        7324.082279903981,
        7568.00526364331,
        7633.479385504934,
        7667.806756543948,
        7821.218694347939,
        7876.678178284712,
        7514.177182888733
    ],
    "LNmAP": [
        16.275585257464336,
        17.578129092305936,
        12.790909002391643,
        14.296452986011127,
        8.96032467859164,
        8.464615264013382,
        7.746940821812467
    ],
    "KFmAP": [
        9.626168221935002,
        10.321984642319881,
        8.315944319229542,
        9.535134265054351,
        7.268471774584673,
        7.061398260663985,
        6.6872906069065055
    ],
    "mAP": [
        47.200935423432796,
        45.5238432080115,
        53.5996333494719,
        53.67965737023695,
        51.18776487342287,
        50.240742031499664,
        51.40771019854328
    ],
    "VmAP": [
        16.650586086990323,
        18.058837355900927,
        13.843231182598409,
        15.782931136053543,
        10.718528595217379,
        10.11432062379687,
        9.741976494713043
    ],
    "VmAP_20": [
        0.4155289967576515,
        0.4491587109095146,
        0.3179053760169046,
        0.3805667238983206,
        0.22373930156452215,
        0.2078195733362425,
        0.17590328320621623
    ]
}