{
    "AD": [
        7356.8920613617065,
        6905.951009441314,
        6677.9806914941855,
        6843.581382418703,
        7031.8069192488765,
        7316.58965644817,
        7248.559707527945
    ],
    "LNmAP": [
        16.639118264333142,
        12.11679513719304,
        13.324026704519346,
        9.439737378668154,
        8.24130602732457,
        5.248389846739648,
        5.045936662948411
    ],
    "KFmAP": [
        9.56405846437163,
        7.152650141727279,
        7.969381099608147,
        6.057520762535513,
        5.576416773598378,
        4.110292401133079,
        3.9726780815668583
    ],
    "mAP": [
        51.425454785500655,
        46.00768484698318,
        48.20029558062135,
        50.272820703359386,
        51.27205488237399,
        53.67189886536246,
        51.195240172394364
    ],
    "VmAP": [
        16.84007819450814,
        12.374324996289394,
        13.58946425344425,
        9.72128377617501,
        8.631569595901876,
        5.5781177107727515,
        5.438508189058179
    ],
    "VmAP_20": [
        0.4608148324686896,
        0.3284267347205395,
        0.3196634698912897,
        0.1827217005569508,
        0.13896448737731235,
        0.08461935823734532,
        0.07300791994068119
    ]
}